mention,start,end,label,tool,source_text_id,sentence,full_text,application_context
Uttarakhand,89,100,GPE,spacy,W4408321151,"This study presents a comprehensive approach to flood risk assessment and mapping in the Uttarakhand region, India, by integrating geographic information system (GIS) and multi‐criteria decision‐making (MCDM).","This study presents a comprehensive approach to flood risk assessment and mapping in the Uttarakhand region, India, by integrating geographic information system (GIS) and multi‐criteria decision‐making (MCDM). The methodology involves using digital elevation models (DEMs) to categorise elevation into five classes, slope analysis to evaluate the role of terrain steepness and drainage density assessment to identify areas less susceptible to flooding. Average annual rainfall data, classified from meteorological stations, land use/land cover patterns and distances from rivers and roads, were analysed within a GIS framework to assess flood susceptibility. The analytic hierarchy process (AHP) was employed to assign weights to these criteria and generate a flood risk index (FRI) map. Key findings indicate that extensive moderate‐to‐high‐risk zones are present, particularly in the lower regions of Uttarakhand. The weighted overlay analysis using GIS and AHP effectively identified areas at greater risk of flooding. The results offer valuable insights for flood risk management, land‐use planning and disaster preparedness, highlighting the need for targeted interventions to enhance flood resilience in the region.",Flood Risk Assessment and Management
India,109,114,GPE,spacy,W4408321151,"This study presents a comprehensive approach to flood risk assessment and mapping in the Uttarakhand region, India, by integrating geographic information system (GIS) and multi‐criteria decision‐making (MCDM).","This study presents a comprehensive approach to flood risk assessment and mapping in the Uttarakhand region, India, by integrating geographic information system (GIS) and multi‐criteria decision‐making (MCDM). The methodology involves using digital elevation models (DEMs) to categorise elevation into five classes, slope analysis to evaluate the role of terrain steepness and drainage density assessment to identify areas less susceptible to flooding. Average annual rainfall data, classified from meteorological stations, land use/land cover patterns and distances from rivers and roads, were analysed within a GIS framework to assess flood susceptibility. The analytic hierarchy process (AHP) was employed to assign weights to these criteria and generate a flood risk index (FRI) map. Key findings indicate that extensive moderate‐to‐high‐risk zones are present, particularly in the lower regions of Uttarakhand. The weighted overlay analysis using GIS and AHP effectively identified areas at greater risk of flooding. The results offer valuable insights for flood risk management, land‐use planning and disaster preparedness, highlighting the need for targeted interventions to enhance flood resilience in the region.",Flood Risk Assessment and Management
Uttarakhand,903,914,GPE,spacy,W4408321151,"Key findings indicate that extensive moderate‐to‐high‐risk zones are present, particularly in the lower regions of Uttarakhand.","This study presents a comprehensive approach to flood risk assessment and mapping in the Uttarakhand region, India, by integrating geographic information system (GIS) and multi‐criteria decision‐making (MCDM). The methodology involves using digital elevation models (DEMs) to categorise elevation into five classes, slope analysis to evaluate the role of terrain steepness and drainage density assessment to identify areas less susceptible to flooding. Average annual rainfall data, classified from meteorological stations, land use/land cover patterns and distances from rivers and roads, were analysed within a GIS framework to assess flood susceptibility. The analytic hierarchy process (AHP) was employed to assign weights to these criteria and generate a flood risk index (FRI) map. Key findings indicate that extensive moderate‐to‐high‐risk zones are present, particularly in the lower regions of Uttarakhand. The weighted overlay analysis using GIS and AHP effectively identified areas at greater risk of flooding. The results offer valuable insights for flood risk management, land‐use planning and disaster preparedness, highlighting the need for targeted interventions to enhance flood resilience in the region.",Flood Risk Assessment and Management
East India's,149,161,LOC,spacy,W4409321239,"During the monsoon season, East India's Subarnarekha River frequently floods to a significant degree.","Determining and characterising locations vulnerable to flooding can help in reducing damage and the number of fatalities. During the monsoon season, East India's Subarnarekha River frequently floods to a significant degree. In current work, we suggest a unique hybrid strategy for preparing the entire catchment's Flood Susceptibility Mapping (FSM). The study area's FSM was conducted by considering 10 flood conditioning factors utilising the Best‐Worst Method (BWM) and a multi‐parametric Analytical Hierarchy Process (AHP) as per expert knowledge. Meanwhile, the proposed strategy incorporates a Decision Making Trial and Evaluation Laboratory (DEMATEL) for examining causal linkages and dependencies between different elements affecting the flooding process. Several statistical matrices were used to compare the suggested strategy of BWM and AHP. Based on our findings, we concluded that the integration of DEMATEL with AHP and BWM (ID BWM, ID AHP) was more effective than alternative strategies. The findings show that out of 10 flood conditioning factors, slope, elevation, distance from the river, drainage density, Topographic wetness Index (TWI), Land Use Land Cover (LULC), Normalised Difference Vegetation Index (NDVI), precipitation, soil texture, and curvature, factors that have the biggest effects on the local flooding phenomenon are elevation, slope, precipitation, and distance from the river. For validating the efficacy of the flood susceptibility map, Area under the Receiver Operating Characteristic Curve (AUC‐ROC) was adopted and demonstrated, showing a pretty high accuracy of (0.92 or 92% and 0.94 or 94%) for ID AHP and ID BWM, respectively. Our research findings provide a highly affordable and useful answer to the flooding problems of basin Subarnarekha.",Flood Risk Assessment and Management
Subarnarekha River,162,180,LOC,spacy,W4409321239,"During the monsoon season, East India's Subarnarekha River frequently floods to a significant degree.","Determining and characterising locations vulnerable to flooding can help in reducing damage and the number of fatalities. During the monsoon season, East India's Subarnarekha River frequently floods to a significant degree. In current work, we suggest a unique hybrid strategy for preparing the entire catchment's Flood Susceptibility Mapping (FSM). The study area's FSM was conducted by considering 10 flood conditioning factors utilising the Best‐Worst Method (BWM) and a multi‐parametric Analytical Hierarchy Process (AHP) as per expert knowledge. Meanwhile, the proposed strategy incorporates a Decision Making Trial and Evaluation Laboratory (DEMATEL) for examining causal linkages and dependencies between different elements affecting the flooding process. Several statistical matrices were used to compare the suggested strategy of BWM and AHP. Based on our findings, we concluded that the integration of DEMATEL with AHP and BWM (ID BWM, ID AHP) was more effective than alternative strategies. The findings show that out of 10 flood conditioning factors, slope, elevation, distance from the river, drainage density, Topographic wetness Index (TWI), Land Use Land Cover (LULC), Normalised Difference Vegetation Index (NDVI), precipitation, soil texture, and curvature, factors that have the biggest effects on the local flooding phenomenon are elevation, slope, precipitation, and distance from the river. For validating the efficacy of the flood susceptibility map, Area under the Receiver Operating Characteristic Curve (AUC‐ROC) was adopted and demonstrated, showing a pretty high accuracy of (0.92 or 92% and 0.94 or 94%) for ID AHP and ID BWM, respectively. Our research findings provide a highly affordable and useful answer to the flooding problems of basin Subarnarekha.",Flood Risk Assessment and Management
ROC,1451,1454,GPE,spacy,W4408764949,The ROC–AUC curve approach was used to assess the models' accuracy.,"Landslides present a significant danger to both infrastructure and human lives in the challenging terrain of the Himalayas. Therefore, it is crucial to accurately map areas prone to landslides to facilitate informed decision‐making and proactive planning, allowing for effective management of this hazard. Since the landslide occurrences are accentuated by floods through toe erosion, and wildfires through this research aims to integrate machine learning techniques with the analysis of multiple hazards, such as floods and forest fires, as novel conditioning factors to create a comprehensive map of landslide susceptibility. Geospatial analysis was conducted to examine the relationship between 19 conditioning elements, including factors related to flood and forest fire susceptibility, which contribute to the occurrence of landslides. This study tested the efficacy of three machine learning models for mapping landslide‐prone areas: eXtreme Gradient Boost (XGBoost), Random Forest (RF) and Artificial Neural Network (ANN). These models can identify complex correlations and patterns among conditioning elements, resulting in more accurate mapping of regions prone to landslides. A regression analysis was performed to evaluate multicollinearity and confirm the association between the dependent and independent variables. The analysis revealed a variance inflation factor within acceptable bounds, providing validation for the correlation. The ROC–AUC curve approach was used to assess the models' accuracy. Among the models tested, XGB exhibited the highest accuracy at 94%, followed by RF at 92% and ANN at 77%. The results of this study offer insightful information about how to combine data from various hazard occurrences to forecast landslide susceptibility. This work can be instrumental for local authorities and disaster management organisations in prioritising resources, implementing mitigation plans and enhancing resilience against landslide threats.",Landslides and related hazards
Odisha,335,341,GPE,spacy,W4407830396,"In this context, the present study aims to assess the impact of tropical cyclone Yaas on the coastal districts of Odisha and West Bengal combining SAR and optical satellite data.","Coastal areas are increasingly susceptible to frequent cyclones driven by climate change. This leads to severe flooding, habitat loss, economic damage and community displacement, necessitating urgent adaptation measures. In this context, the present study aims to assess the impact of tropical cyclone Yaas on the coastal districts of Odisha and West Bengal combining SAR and optical satellite data. The Sentinel‐1 data was used for flood inundation analysis, allowing for the identification and mapping of areas affected by the cyclonic flooding. In addition, Sentinel‐2 data was employed for land use and land cover (LULC) analysis, enabling the evaluation of the cyclone's impact on various land cover classes. A fuzzy Analytic Hierarchy Process (AHP) was applied to analyse the changes in forest canopy cover. By integrating these diverse datasets and analyses, the study provides a holistic understanding of the cyclone's impact on the coastal region's environment and land cover. The findings reveal that the Yaas cyclonic flood affected an area of 2528.70 sq. km, accounting for 6.8% of the total region. In the coastal areas of West Bengal, more than 24% of cropland was affected particularly in the districts of Purba Medinipur, North 24 Parganas, Hoogly, Howrah and South 24 Parganas. In Odisha state, the most affected cropland areas were Bhadrak (945.11 sq. km) and Kendrapara (557.90 sq. km), while the districts of Bhadrak, Balasore, Jajpur, Khordha and Cuttack experienced the greatest impact on built‐up areas. The findings of this comprehensive study contribute to a deeper understanding of the magnitude and extent of tropical cyclone Yaas's impacts. This study can be useful for the development of effective mitigation and adaptation strategies that is, restoration of mangrove forests, introduction of salt‐tolerant crops and upgrading of existing embankments and levees to enhance the resilience of the coastal communities.",Tropical and Extratropical Cyclones Research
West Bengal,346,357,GPE,spacy,W4407830396,"In this context, the present study aims to assess the impact of tropical cyclone Yaas on the coastal districts of Odisha and West Bengal combining SAR and optical satellite data.","Coastal areas are increasingly susceptible to frequent cyclones driven by climate change. This leads to severe flooding, habitat loss, economic damage and community displacement, necessitating urgent adaptation measures. In this context, the present study aims to assess the impact of tropical cyclone Yaas on the coastal districts of Odisha and West Bengal combining SAR and optical satellite data. The Sentinel‐1 data was used for flood inundation analysis, allowing for the identification and mapping of areas affected by the cyclonic flooding. In addition, Sentinel‐2 data was employed for land use and land cover (LULC) analysis, enabling the evaluation of the cyclone's impact on various land cover classes. A fuzzy Analytic Hierarchy Process (AHP) was applied to analyse the changes in forest canopy cover. By integrating these diverse datasets and analyses, the study provides a holistic understanding of the cyclone's impact on the coastal region's environment and land cover. The findings reveal that the Yaas cyclonic flood affected an area of 2528.70 sq. km, accounting for 6.8% of the total region. In the coastal areas of West Bengal, more than 24% of cropland was affected particularly in the districts of Purba Medinipur, North 24 Parganas, Hoogly, Howrah and South 24 Parganas. In Odisha state, the most affected cropland areas were Bhadrak (945.11 sq. km) and Kendrapara (557.90 sq. km), while the districts of Bhadrak, Balasore, Jajpur, Khordha and Cuttack experienced the greatest impact on built‐up areas. The findings of this comprehensive study contribute to a deeper understanding of the magnitude and extent of tropical cyclone Yaas's impacts. This study can be useful for the development of effective mitigation and adaptation strategies that is, restoration of mangrove forests, introduction of salt‐tolerant crops and upgrading of existing embankments and levees to enhance the resilience of the coastal communities.",Tropical and Extratropical Cyclones Research
West Bengal,1136,1147,GPE,spacy,W4407830396,"In the coastal areas of West Bengal, more than 24% of cropland was affected particularly in the districts of Purba Medinipur, North 24 Parganas, Hoogly, Howrah and South 24 Parganas.","Coastal areas are increasingly susceptible to frequent cyclones driven by climate change. This leads to severe flooding, habitat loss, economic damage and community displacement, necessitating urgent adaptation measures. In this context, the present study aims to assess the impact of tropical cyclone Yaas on the coastal districts of Odisha and West Bengal combining SAR and optical satellite data. The Sentinel‐1 data was used for flood inundation analysis, allowing for the identification and mapping of areas affected by the cyclonic flooding. In addition, Sentinel‐2 data was employed for land use and land cover (LULC) analysis, enabling the evaluation of the cyclone's impact on various land cover classes. A fuzzy Analytic Hierarchy Process (AHP) was applied to analyse the changes in forest canopy cover. By integrating these diverse datasets and analyses, the study provides a holistic understanding of the cyclone's impact on the coastal region's environment and land cover. The findings reveal that the Yaas cyclonic flood affected an area of 2528.70 sq. km, accounting for 6.8% of the total region. In the coastal areas of West Bengal, more than 24% of cropland was affected particularly in the districts of Purba Medinipur, North 24 Parganas, Hoogly, Howrah and South 24 Parganas. In Odisha state, the most affected cropland areas were Bhadrak (945.11 sq. km) and Kendrapara (557.90 sq. km), while the districts of Bhadrak, Balasore, Jajpur, Khordha and Cuttack experienced the greatest impact on built‐up areas. The findings of this comprehensive study contribute to a deeper understanding of the magnitude and extent of tropical cyclone Yaas's impacts. This study can be useful for the development of effective mitigation and adaptation strategies that is, restoration of mangrove forests, introduction of salt‐tolerant crops and upgrading of existing embankments and levees to enhance the resilience of the coastal communities.",Tropical and Extratropical Cyclones Research
Hoogly,1257,1263,GPE,spacy,W4407830396,"In the coastal areas of West Bengal, more than 24% of cropland was affected particularly in the districts of Purba Medinipur, North 24 Parganas, Hoogly, Howrah and South 24 Parganas.","Coastal areas are increasingly susceptible to frequent cyclones driven by climate change. This leads to severe flooding, habitat loss, economic damage and community displacement, necessitating urgent adaptation measures. In this context, the present study aims to assess the impact of tropical cyclone Yaas on the coastal districts of Odisha and West Bengal combining SAR and optical satellite data. The Sentinel‐1 data was used for flood inundation analysis, allowing for the identification and mapping of areas affected by the cyclonic flooding. In addition, Sentinel‐2 data was employed for land use and land cover (LULC) analysis, enabling the evaluation of the cyclone's impact on various land cover classes. A fuzzy Analytic Hierarchy Process (AHP) was applied to analyse the changes in forest canopy cover. By integrating these diverse datasets and analyses, the study provides a holistic understanding of the cyclone's impact on the coastal region's environment and land cover. The findings reveal that the Yaas cyclonic flood affected an area of 2528.70 sq. km, accounting for 6.8% of the total region. In the coastal areas of West Bengal, more than 24% of cropland was affected particularly in the districts of Purba Medinipur, North 24 Parganas, Hoogly, Howrah and South 24 Parganas. In Odisha state, the most affected cropland areas were Bhadrak (945.11 sq. km) and Kendrapara (557.90 sq. km), while the districts of Bhadrak, Balasore, Jajpur, Khordha and Cuttack experienced the greatest impact on built‐up areas. The findings of this comprehensive study contribute to a deeper understanding of the magnitude and extent of tropical cyclone Yaas's impacts. This study can be useful for the development of effective mitigation and adaptation strategies that is, restoration of mangrove forests, introduction of salt‐tolerant crops and upgrading of existing embankments and levees to enhance the resilience of the coastal communities.",Tropical and Extratropical Cyclones Research
Parganas,1285,1293,GPE,spacy,W4407830396,"In the coastal areas of West Bengal, more than 24% of cropland was affected particularly in the districts of Purba Medinipur, North 24 Parganas, Hoogly, Howrah and South 24 Parganas.","Coastal areas are increasingly susceptible to frequent cyclones driven by climate change. This leads to severe flooding, habitat loss, economic damage and community displacement, necessitating urgent adaptation measures. In this context, the present study aims to assess the impact of tropical cyclone Yaas on the coastal districts of Odisha and West Bengal combining SAR and optical satellite data. The Sentinel‐1 data was used for flood inundation analysis, allowing for the identification and mapping of areas affected by the cyclonic flooding. In addition, Sentinel‐2 data was employed for land use and land cover (LULC) analysis, enabling the evaluation of the cyclone's impact on various land cover classes. A fuzzy Analytic Hierarchy Process (AHP) was applied to analyse the changes in forest canopy cover. By integrating these diverse datasets and analyses, the study provides a holistic understanding of the cyclone's impact on the coastal region's environment and land cover. The findings reveal that the Yaas cyclonic flood affected an area of 2528.70 sq. km, accounting for 6.8% of the total region. In the coastal areas of West Bengal, more than 24% of cropland was affected particularly in the districts of Purba Medinipur, North 24 Parganas, Hoogly, Howrah and South 24 Parganas. In Odisha state, the most affected cropland areas were Bhadrak (945.11 sq. km) and Kendrapara (557.90 sq. km), while the districts of Bhadrak, Balasore, Jajpur, Khordha and Cuttack experienced the greatest impact on built‐up areas. The findings of this comprehensive study contribute to a deeper understanding of the magnitude and extent of tropical cyclone Yaas's impacts. This study can be useful for the development of effective mitigation and adaptation strategies that is, restoration of mangrove forests, introduction of salt‐tolerant crops and upgrading of existing embankments and levees to enhance the resilience of the coastal communities.",Tropical and Extratropical Cyclones Research
Odisha,1298,1304,GPE,spacy,W4407830396,"In Odisha state, the most affected cropland areas were Bhadrak (945.11 sq. km) and Kendrapara (557.90 sq. km), while the districts of Bhadrak, Balasore, Jajpur, Khordha and Cuttack experienced the greatest impact on built‐up areas.","Coastal areas are increasingly susceptible to frequent cyclones driven by climate change. This leads to severe flooding, habitat loss, economic damage and community displacement, necessitating urgent adaptation measures. In this context, the present study aims to assess the impact of tropical cyclone Yaas on the coastal districts of Odisha and West Bengal combining SAR and optical satellite data. The Sentinel‐1 data was used for flood inundation analysis, allowing for the identification and mapping of areas affected by the cyclonic flooding. In addition, Sentinel‐2 data was employed for land use and land cover (LULC) analysis, enabling the evaluation of the cyclone's impact on various land cover classes. A fuzzy Analytic Hierarchy Process (AHP) was applied to analyse the changes in forest canopy cover. By integrating these diverse datasets and analyses, the study provides a holistic understanding of the cyclone's impact on the coastal region's environment and land cover. The findings reveal that the Yaas cyclonic flood affected an area of 2528.70 sq. km, accounting for 6.8% of the total region. In the coastal areas of West Bengal, more than 24% of cropland was affected particularly in the districts of Purba Medinipur, North 24 Parganas, Hoogly, Howrah and South 24 Parganas. In Odisha state, the most affected cropland areas were Bhadrak (945.11 sq. km) and Kendrapara (557.90 sq. km), while the districts of Bhadrak, Balasore, Jajpur, Khordha and Cuttack experienced the greatest impact on built‐up areas. The findings of this comprehensive study contribute to a deeper understanding of the magnitude and extent of tropical cyclone Yaas's impacts. This study can be useful for the development of effective mitigation and adaptation strategies that is, restoration of mangrove forests, introduction of salt‐tolerant crops and upgrading of existing embankments and levees to enhance the resilience of the coastal communities.",Tropical and Extratropical Cyclones Research
Kendrapara,1378,1388,GPE,spacy,W4407830396,"In Odisha state, the most affected cropland areas were Bhadrak (945.11 sq. km) and Kendrapara (557.90 sq. km), while the districts of Bhadrak, Balasore, Jajpur, Khordha and Cuttack experienced the greatest impact on built‐up areas.","Coastal areas are increasingly susceptible to frequent cyclones driven by climate change. This leads to severe flooding, habitat loss, economic damage and community displacement, necessitating urgent adaptation measures. In this context, the present study aims to assess the impact of tropical cyclone Yaas on the coastal districts of Odisha and West Bengal combining SAR and optical satellite data. The Sentinel‐1 data was used for flood inundation analysis, allowing for the identification and mapping of areas affected by the cyclonic flooding. In addition, Sentinel‐2 data was employed for land use and land cover (LULC) analysis, enabling the evaluation of the cyclone's impact on various land cover classes. A fuzzy Analytic Hierarchy Process (AHP) was applied to analyse the changes in forest canopy cover. By integrating these diverse datasets and analyses, the study provides a holistic understanding of the cyclone's impact on the coastal region's environment and land cover. The findings reveal that the Yaas cyclonic flood affected an area of 2528.70 sq. km, accounting for 6.8% of the total region. In the coastal areas of West Bengal, more than 24% of cropland was affected particularly in the districts of Purba Medinipur, North 24 Parganas, Hoogly, Howrah and South 24 Parganas. In Odisha state, the most affected cropland areas were Bhadrak (945.11 sq. km) and Kendrapara (557.90 sq. km), while the districts of Bhadrak, Balasore, Jajpur, Khordha and Cuttack experienced the greatest impact on built‐up areas. The findings of this comprehensive study contribute to a deeper understanding of the magnitude and extent of tropical cyclone Yaas's impacts. This study can be useful for the development of effective mitigation and adaptation strategies that is, restoration of mangrove forests, introduction of salt‐tolerant crops and upgrading of existing embankments and levees to enhance the resilience of the coastal communities.",Tropical and Extratropical Cyclones Research
Balasore,1438,1446,GPE,spacy,W4407830396,"In Odisha state, the most affected cropland areas were Bhadrak (945.11 sq. km) and Kendrapara (557.90 sq. km), while the districts of Bhadrak, Balasore, Jajpur, Khordha and Cuttack experienced the greatest impact on built‐up areas.","Coastal areas are increasingly susceptible to frequent cyclones driven by climate change. This leads to severe flooding, habitat loss, economic damage and community displacement, necessitating urgent adaptation measures. In this context, the present study aims to assess the impact of tropical cyclone Yaas on the coastal districts of Odisha and West Bengal combining SAR and optical satellite data. The Sentinel‐1 data was used for flood inundation analysis, allowing for the identification and mapping of areas affected by the cyclonic flooding. In addition, Sentinel‐2 data was employed for land use and land cover (LULC) analysis, enabling the evaluation of the cyclone's impact on various land cover classes. A fuzzy Analytic Hierarchy Process (AHP) was applied to analyse the changes in forest canopy cover. By integrating these diverse datasets and analyses, the study provides a holistic understanding of the cyclone's impact on the coastal region's environment and land cover. The findings reveal that the Yaas cyclonic flood affected an area of 2528.70 sq. km, accounting for 6.8% of the total region. In the coastal areas of West Bengal, more than 24% of cropland was affected particularly in the districts of Purba Medinipur, North 24 Parganas, Hoogly, Howrah and South 24 Parganas. In Odisha state, the most affected cropland areas were Bhadrak (945.11 sq. km) and Kendrapara (557.90 sq. km), while the districts of Bhadrak, Balasore, Jajpur, Khordha and Cuttack experienced the greatest impact on built‐up areas. The findings of this comprehensive study contribute to a deeper understanding of the magnitude and extent of tropical cyclone Yaas's impacts. This study can be useful for the development of effective mitigation and adaptation strategies that is, restoration of mangrove forests, introduction of salt‐tolerant crops and upgrading of existing embankments and levees to enhance the resilience of the coastal communities.",Tropical and Extratropical Cyclones Research
Jajpur,1448,1454,GPE,spacy,W4407830396,"In Odisha state, the most affected cropland areas were Bhadrak (945.11 sq. km) and Kendrapara (557.90 sq. km), while the districts of Bhadrak, Balasore, Jajpur, Khordha and Cuttack experienced the greatest impact on built‐up areas.","Coastal areas are increasingly susceptible to frequent cyclones driven by climate change. This leads to severe flooding, habitat loss, economic damage and community displacement, necessitating urgent adaptation measures. In this context, the present study aims to assess the impact of tropical cyclone Yaas on the coastal districts of Odisha and West Bengal combining SAR and optical satellite data. The Sentinel‐1 data was used for flood inundation analysis, allowing for the identification and mapping of areas affected by the cyclonic flooding. In addition, Sentinel‐2 data was employed for land use and land cover (LULC) analysis, enabling the evaluation of the cyclone's impact on various land cover classes. A fuzzy Analytic Hierarchy Process (AHP) was applied to analyse the changes in forest canopy cover. By integrating these diverse datasets and analyses, the study provides a holistic understanding of the cyclone's impact on the coastal region's environment and land cover. The findings reveal that the Yaas cyclonic flood affected an area of 2528.70 sq. km, accounting for 6.8% of the total region. In the coastal areas of West Bengal, more than 24% of cropland was affected particularly in the districts of Purba Medinipur, North 24 Parganas, Hoogly, Howrah and South 24 Parganas. In Odisha state, the most affected cropland areas were Bhadrak (945.11 sq. km) and Kendrapara (557.90 sq. km), while the districts of Bhadrak, Balasore, Jajpur, Khordha and Cuttack experienced the greatest impact on built‐up areas. The findings of this comprehensive study contribute to a deeper understanding of the magnitude and extent of tropical cyclone Yaas's impacts. This study can be useful for the development of effective mitigation and adaptation strategies that is, restoration of mangrove forests, introduction of salt‐tolerant crops and upgrading of existing embankments and levees to enhance the resilience of the coastal communities.",Tropical and Extratropical Cyclones Research
Khordha,1456,1463,LOC,spacy,W4407830396,"In Odisha state, the most affected cropland areas were Bhadrak (945.11 sq. km) and Kendrapara (557.90 sq. km), while the districts of Bhadrak, Balasore, Jajpur, Khordha and Cuttack experienced the greatest impact on built‐up areas.","Coastal areas are increasingly susceptible to frequent cyclones driven by climate change. This leads to severe flooding, habitat loss, economic damage and community displacement, necessitating urgent adaptation measures. In this context, the present study aims to assess the impact of tropical cyclone Yaas on the coastal districts of Odisha and West Bengal combining SAR and optical satellite data. The Sentinel‐1 data was used for flood inundation analysis, allowing for the identification and mapping of areas affected by the cyclonic flooding. In addition, Sentinel‐2 data was employed for land use and land cover (LULC) analysis, enabling the evaluation of the cyclone's impact on various land cover classes. A fuzzy Analytic Hierarchy Process (AHP) was applied to analyse the changes in forest canopy cover. By integrating these diverse datasets and analyses, the study provides a holistic understanding of the cyclone's impact on the coastal region's environment and land cover. The findings reveal that the Yaas cyclonic flood affected an area of 2528.70 sq. km, accounting for 6.8% of the total region. In the coastal areas of West Bengal, more than 24% of cropland was affected particularly in the districts of Purba Medinipur, North 24 Parganas, Hoogly, Howrah and South 24 Parganas. In Odisha state, the most affected cropland areas were Bhadrak (945.11 sq. km) and Kendrapara (557.90 sq. km), while the districts of Bhadrak, Balasore, Jajpur, Khordha and Cuttack experienced the greatest impact on built‐up areas. The findings of this comprehensive study contribute to a deeper understanding of the magnitude and extent of tropical cyclone Yaas's impacts. This study can be useful for the development of effective mitigation and adaptation strategies that is, restoration of mangrove forests, introduction of salt‐tolerant crops and upgrading of existing embankments and levees to enhance the resilience of the coastal communities.",Tropical and Extratropical Cyclones Research
China,1028,1033,GPE,spacy,W4408576605,"Taking the provinces (regions) of China as an example, both the expert decision-making and cluster analysis methods are used to carry out water security evaluation under climate change impact.","The paper studied the water security evaluation dimensions under climate change impact and constructed regional water security evaluation indices under climate change impact based on the definition, the connotation, and the evaluation dimensions of water security under climate change impact, including water resources’ quantity sufficiency, water quality suitability, sustainability, cost affordability, and flood control security. Expert decision-making and cluster analysis methods are used to quantify the indices weights and standardize the indices. From the government level, the national indices of climate change adaptation are put forward, including 9 first-level indices and 36 second-level indices. From the professional level, the water resource evaluation indices, economic and social evaluation indices, and water security evaluation indices as well as the relevant weights are put forward. The evaluation indices ensure the connotation of perfection under climate change impact. Taking the provinces (regions) of China as an example, both the expert decision-making and cluster analysis methods are used to carry out water security evaluation under climate change impact. The evaluation results clearly diagnosed the regional water security under climate change impact in China. The study results are consistent with the current water resource situations.",Water Resources and Sustainability
China,1287,1292,GPE,spacy,W4408576605,The evaluation results clearly diagnosed the regional water security under climate change impact in China.,"The paper studied the water security evaluation dimensions under climate change impact and constructed regional water security evaluation indices under climate change impact based on the definition, the connotation, and the evaluation dimensions of water security under climate change impact, including water resources’ quantity sufficiency, water quality suitability, sustainability, cost affordability, and flood control security. Expert decision-making and cluster analysis methods are used to quantify the indices weights and standardize the indices. From the government level, the national indices of climate change adaptation are put forward, including 9 first-level indices and 36 second-level indices. From the professional level, the water resource evaluation indices, economic and social evaluation indices, and water security evaluation indices as well as the relevant weights are put forward. The evaluation indices ensure the connotation of perfection under climate change impact. Taking the provinces (regions) of China as an example, both the expert decision-making and cluster analysis methods are used to carry out water security evaluation under climate change impact. The evaluation results clearly diagnosed the regional water security under climate change impact in China. The study results are consistent with the current water resource situations.",Water Resources and Sustainability
the Otter Valley,130,146,LOC,spacy,W4408257106,"This article presents a commentary on a history of muddy flooding caused by soil erosion linked to maize cultivation, focusing on the Otter Valley in East Devon, UK.","This article presents a commentary on a history of muddy flooding caused by soil erosion linked to maize cultivation, focusing on the Otter Valley in East Devon, UK. Research has associated soil erosion with compaction during maize harvesting and crop planting in moist soil conditions, which reduces the soil's ability to absorb rainfall and increases the risk of erosion runoff events. Careful soil management practices, such as planting early maize varieties, addressing soil compaction, and ensuring crop cover, can often mitigate these issues. A growing concern, however, is the flooding associated with summer storms, where intense rainfall over large areas of erodible land—left exposed after maize planting—exacerbates soil erosion. The case study highlights a severe muddy flooding event during the summer of 2023, underscoring the heightened risk posed by more frequent high‐intensity summer rainfall. The conclusion of this study is the need to avoid growing large areas of maize on erosion‐prone fields near properties and watercourses, as there are limited agronomic measures and solutions available to effectively prevent such flooding under these conditions.",Soil erosion and sediment transport
East Devon,150,160,GPE,spacy,W4408257106,"This article presents a commentary on a history of muddy flooding caused by soil erosion linked to maize cultivation, focusing on the Otter Valley in East Devon, UK.","This article presents a commentary on a history of muddy flooding caused by soil erosion linked to maize cultivation, focusing on the Otter Valley in East Devon, UK. Research has associated soil erosion with compaction during maize harvesting and crop planting in moist soil conditions, which reduces the soil's ability to absorb rainfall and increases the risk of erosion runoff events. Careful soil management practices, such as planting early maize varieties, addressing soil compaction, and ensuring crop cover, can often mitigate these issues. A growing concern, however, is the flooding associated with summer storms, where intense rainfall over large areas of erodible land—left exposed after maize planting—exacerbates soil erosion. The case study highlights a severe muddy flooding event during the summer of 2023, underscoring the heightened risk posed by more frequent high‐intensity summer rainfall. The conclusion of this study is the need to avoid growing large areas of maize on erosion‐prone fields near properties and watercourses, as there are limited agronomic measures and solutions available to effectively prevent such flooding under these conditions.",Soil erosion and sediment transport
UK,162,164,GPE,spacy,W4408257106,"This article presents a commentary on a history of muddy flooding caused by soil erosion linked to maize cultivation, focusing on the Otter Valley in East Devon, UK.","This article presents a commentary on a history of muddy flooding caused by soil erosion linked to maize cultivation, focusing on the Otter Valley in East Devon, UK. Research has associated soil erosion with compaction during maize harvesting and crop planting in moist soil conditions, which reduces the soil's ability to absorb rainfall and increases the risk of erosion runoff events. Careful soil management practices, such as planting early maize varieties, addressing soil compaction, and ensuring crop cover, can often mitigate these issues. A growing concern, however, is the flooding associated with summer storms, where intense rainfall over large areas of erodible land—left exposed after maize planting—exacerbates soil erosion. The case study highlights a severe muddy flooding event during the summer of 2023, underscoring the heightened risk posed by more frequent high‐intensity summer rainfall. The conclusion of this study is the need to avoid growing large areas of maize on erosion‐prone fields near properties and watercourses, as there are limited agronomic measures and solutions available to effectively prevent such flooding under these conditions.",Soil erosion and sediment transport
Pakistan,97,105,GPE,spacy,W4408641270,"The late Paleogene sedimentary succession exposed in the north Sulaiman fold‐thrust belt (SFTB), Pakistan, provides a critical record of the tectono‐sedimentary processes associated with the transition from the remnant Tethys Sea to a foreland basin.","The late Paleogene sedimentary succession exposed in the north Sulaiman fold‐thrust belt (SFTB), Pakistan, provides a critical record of the tectono‐sedimentary processes associated with the transition from the remnant Tethys Sea to a foreland basin. This study integrates sedimentary facies and biostratigraphy data of these sediments to unravel the dynamics of this transition, closely linked with the early stages of the Himalayan orogenic evolution. The Pirkoh Formation, characterised by three microfacies, indicates deposition in inner to open shelf settings. The overlying Drazinda Formation comprises six microfacies and two lithofacies, indicating deposition in semi‐restricted lagoon to middle shelf environments. The Chitarwatta Formation comprises five distinct lithofacies, with the lower unit reflecting deposition in tidal flat settings and the upper unit representing deposition in a fluvial floodplain. An assemblage and two taxon range larger benthic foraminiferal and two planktic foraminiferal assemblage biozones in the Pirkoh and Drazinda formations were identified. These biozones suggest a Lutetian to Bartonian (Middle Eocene) age for the Pirkoh and the lower part of the Drazinda formations, and a Priabonian (Late Eocene) age for the upper part of the Drazinda Formation. No age‐diagnostic fauna was retrieved from the Chitarwatta Formation. Therefore, an Oligocene age has been retained for it based on previous studies. The integration of sedimentary facies with biostratigraphic ages reveals a final transgression of the Tethys Sea in the SFTB in the Lutetian–Bartonian following the initial India–Asia collision in the early Eocene in the region. The Tethys Sea started to gradually retreat in the Priabonian with the deposition of dominantly semi‐restricted lagoonal shales in the upper part of the Drazinda Formation. The Tethys Sea further retreated at the start of the Oligocene with the deposition of the transitional marine tidal flat sediments in the lower part of the Chitarwatta Formation. The cessation of the Tethys Sea occurred in the late Oligocene, represented by the deposition of the fluvial sediments in the upper part of the Chitarwatta Formation in the SFTB. The typical Miocene Himalayan foreland basin molasse sediments overlie the Chitarwatta Formation, representing the establishment of the foreland basin sedimentation in the SFTB by the late Oligocene to Miocene. This transition from remnant Tethys Sea to Himalayan foreland basin sedimentation in the SFTB can be linked with the southward migration of the Himalayan deformation front.",Geological and Geophysical Studies
Tethys Sea,219,229,LOC,spacy,W4408641270,"The late Paleogene sedimentary succession exposed in the north Sulaiman fold‐thrust belt (SFTB), Pakistan, provides a critical record of the tectono‐sedimentary processes associated with the transition from the remnant Tethys Sea to a foreland basin.","The late Paleogene sedimentary succession exposed in the north Sulaiman fold‐thrust belt (SFTB), Pakistan, provides a critical record of the tectono‐sedimentary processes associated with the transition from the remnant Tethys Sea to a foreland basin. This study integrates sedimentary facies and biostratigraphy data of these sediments to unravel the dynamics of this transition, closely linked with the early stages of the Himalayan orogenic evolution. The Pirkoh Formation, characterised by three microfacies, indicates deposition in inner to open shelf settings. The overlying Drazinda Formation comprises six microfacies and two lithofacies, indicating deposition in semi‐restricted lagoon to middle shelf environments. The Chitarwatta Formation comprises five distinct lithofacies, with the lower unit reflecting deposition in tidal flat settings and the upper unit representing deposition in a fluvial floodplain. An assemblage and two taxon range larger benthic foraminiferal and two planktic foraminiferal assemblage biozones in the Pirkoh and Drazinda formations were identified. These biozones suggest a Lutetian to Bartonian (Middle Eocene) age for the Pirkoh and the lower part of the Drazinda formations, and a Priabonian (Late Eocene) age for the upper part of the Drazinda Formation. No age‐diagnostic fauna was retrieved from the Chitarwatta Formation. Therefore, an Oligocene age has been retained for it based on previous studies. The integration of sedimentary facies with biostratigraphic ages reveals a final transgression of the Tethys Sea in the SFTB in the Lutetian–Bartonian following the initial India–Asia collision in the early Eocene in the region. The Tethys Sea started to gradually retreat in the Priabonian with the deposition of dominantly semi‐restricted lagoonal shales in the upper part of the Drazinda Formation. The Tethys Sea further retreated at the start of the Oligocene with the deposition of the transitional marine tidal flat sediments in the lower part of the Chitarwatta Formation. The cessation of the Tethys Sea occurred in the late Oligocene, represented by the deposition of the fluvial sediments in the upper part of the Chitarwatta Formation in the SFTB. The typical Miocene Himalayan foreland basin molasse sediments overlie the Chitarwatta Formation, representing the establishment of the foreland basin sedimentation in the SFTB by the late Oligocene to Miocene. This transition from remnant Tethys Sea to Himalayan foreland basin sedimentation in the SFTB can be linked with the southward migration of the Himalayan deformation front.",Geological and Geophysical Studies
the Tethys Sea,1547,1561,LOC,spacy,W4408641270,The integration of sedimentary facies with biostratigraphic ages reveals a final transgression of the Tethys Sea in the SFTB in the Lutetian–Bartonian following the initial India–Asia collision in the early Eocene in the region.,"The late Paleogene sedimentary succession exposed in the north Sulaiman fold‐thrust belt (SFTB), Pakistan, provides a critical record of the tectono‐sedimentary processes associated with the transition from the remnant Tethys Sea to a foreland basin. This study integrates sedimentary facies and biostratigraphy data of these sediments to unravel the dynamics of this transition, closely linked with the early stages of the Himalayan orogenic evolution. The Pirkoh Formation, characterised by three microfacies, indicates deposition in inner to open shelf settings. The overlying Drazinda Formation comprises six microfacies and two lithofacies, indicating deposition in semi‐restricted lagoon to middle shelf environments. The Chitarwatta Formation comprises five distinct lithofacies, with the lower unit reflecting deposition in tidal flat settings and the upper unit representing deposition in a fluvial floodplain. An assemblage and two taxon range larger benthic foraminiferal and two planktic foraminiferal assemblage biozones in the Pirkoh and Drazinda formations were identified. These biozones suggest a Lutetian to Bartonian (Middle Eocene) age for the Pirkoh and the lower part of the Drazinda formations, and a Priabonian (Late Eocene) age for the upper part of the Drazinda Formation. No age‐diagnostic fauna was retrieved from the Chitarwatta Formation. Therefore, an Oligocene age has been retained for it based on previous studies. The integration of sedimentary facies with biostratigraphic ages reveals a final transgression of the Tethys Sea in the SFTB in the Lutetian–Bartonian following the initial India–Asia collision in the early Eocene in the region. The Tethys Sea started to gradually retreat in the Priabonian with the deposition of dominantly semi‐restricted lagoonal shales in the upper part of the Drazinda Formation. The Tethys Sea further retreated at the start of the Oligocene with the deposition of the transitional marine tidal flat sediments in the lower part of the Chitarwatta Formation. The cessation of the Tethys Sea occurred in the late Oligocene, represented by the deposition of the fluvial sediments in the upper part of the Chitarwatta Formation in the SFTB. The typical Miocene Himalayan foreland basin molasse sediments overlie the Chitarwatta Formation, representing the establishment of the foreland basin sedimentation in the SFTB by the late Oligocene to Miocene. This transition from remnant Tethys Sea to Himalayan foreland basin sedimentation in the SFTB can be linked with the southward migration of the Himalayan deformation front.",Geological and Geophysical Studies
India,1622,1627,GPE,spacy,W4408641270,The integration of sedimentary facies with biostratigraphic ages reveals a final transgression of the Tethys Sea in the SFTB in the Lutetian–Bartonian following the initial India–Asia collision in the early Eocene in the region.,"The late Paleogene sedimentary succession exposed in the north Sulaiman fold‐thrust belt (SFTB), Pakistan, provides a critical record of the tectono‐sedimentary processes associated with the transition from the remnant Tethys Sea to a foreland basin. This study integrates sedimentary facies and biostratigraphy data of these sediments to unravel the dynamics of this transition, closely linked with the early stages of the Himalayan orogenic evolution. The Pirkoh Formation, characterised by three microfacies, indicates deposition in inner to open shelf settings. The overlying Drazinda Formation comprises six microfacies and two lithofacies, indicating deposition in semi‐restricted lagoon to middle shelf environments. The Chitarwatta Formation comprises five distinct lithofacies, with the lower unit reflecting deposition in tidal flat settings and the upper unit representing deposition in a fluvial floodplain. An assemblage and two taxon range larger benthic foraminiferal and two planktic foraminiferal assemblage biozones in the Pirkoh and Drazinda formations were identified. These biozones suggest a Lutetian to Bartonian (Middle Eocene) age for the Pirkoh and the lower part of the Drazinda formations, and a Priabonian (Late Eocene) age for the upper part of the Drazinda Formation. No age‐diagnostic fauna was retrieved from the Chitarwatta Formation. Therefore, an Oligocene age has been retained for it based on previous studies. The integration of sedimentary facies with biostratigraphic ages reveals a final transgression of the Tethys Sea in the SFTB in the Lutetian–Bartonian following the initial India–Asia collision in the early Eocene in the region. The Tethys Sea started to gradually retreat in the Priabonian with the deposition of dominantly semi‐restricted lagoonal shales in the upper part of the Drazinda Formation. The Tethys Sea further retreated at the start of the Oligocene with the deposition of the transitional marine tidal flat sediments in the lower part of the Chitarwatta Formation. The cessation of the Tethys Sea occurred in the late Oligocene, represented by the deposition of the fluvial sediments in the upper part of the Chitarwatta Formation in the SFTB. The typical Miocene Himalayan foreland basin molasse sediments overlie the Chitarwatta Formation, representing the establishment of the foreland basin sedimentation in the SFTB by the late Oligocene to Miocene. This transition from remnant Tethys Sea to Himalayan foreland basin sedimentation in the SFTB can be linked with the southward migration of the Himalayan deformation front.",Geological and Geophysical Studies
Asia,1628,1632,LOC,spacy,W4408641270,The integration of sedimentary facies with biostratigraphic ages reveals a final transgression of the Tethys Sea in the SFTB in the Lutetian–Bartonian following the initial India–Asia collision in the early Eocene in the region.,"The late Paleogene sedimentary succession exposed in the north Sulaiman fold‐thrust belt (SFTB), Pakistan, provides a critical record of the tectono‐sedimentary processes associated with the transition from the remnant Tethys Sea to a foreland basin. This study integrates sedimentary facies and biostratigraphy data of these sediments to unravel the dynamics of this transition, closely linked with the early stages of the Himalayan orogenic evolution. The Pirkoh Formation, characterised by three microfacies, indicates deposition in inner to open shelf settings. The overlying Drazinda Formation comprises six microfacies and two lithofacies, indicating deposition in semi‐restricted lagoon to middle shelf environments. The Chitarwatta Formation comprises five distinct lithofacies, with the lower unit reflecting deposition in tidal flat settings and the upper unit representing deposition in a fluvial floodplain. An assemblage and two taxon range larger benthic foraminiferal and two planktic foraminiferal assemblage biozones in the Pirkoh and Drazinda formations were identified. These biozones suggest a Lutetian to Bartonian (Middle Eocene) age for the Pirkoh and the lower part of the Drazinda formations, and a Priabonian (Late Eocene) age for the upper part of the Drazinda Formation. No age‐diagnostic fauna was retrieved from the Chitarwatta Formation. Therefore, an Oligocene age has been retained for it based on previous studies. The integration of sedimentary facies with biostratigraphic ages reveals a final transgression of the Tethys Sea in the SFTB in the Lutetian–Bartonian following the initial India–Asia collision in the early Eocene in the region. The Tethys Sea started to gradually retreat in the Priabonian with the deposition of dominantly semi‐restricted lagoonal shales in the upper part of the Drazinda Formation. The Tethys Sea further retreated at the start of the Oligocene with the deposition of the transitional marine tidal flat sediments in the lower part of the Chitarwatta Formation. The cessation of the Tethys Sea occurred in the late Oligocene, represented by the deposition of the fluvial sediments in the upper part of the Chitarwatta Formation in the SFTB. The typical Miocene Himalayan foreland basin molasse sediments overlie the Chitarwatta Formation, representing the establishment of the foreland basin sedimentation in the SFTB by the late Oligocene to Miocene. This transition from remnant Tethys Sea to Himalayan foreland basin sedimentation in the SFTB can be linked with the southward migration of the Himalayan deformation front.",Geological and Geophysical Studies
The Tethys Sea,1678,1692,LOC,spacy,W4408641270,The Tethys Sea started to gradually retreat in the Priabonian with the deposition of dominantly semi‐restricted lagoonal shales in the upper part of the Drazinda Formation.,"The late Paleogene sedimentary succession exposed in the north Sulaiman fold‐thrust belt (SFTB), Pakistan, provides a critical record of the tectono‐sedimentary processes associated with the transition from the remnant Tethys Sea to a foreland basin. This study integrates sedimentary facies and biostratigraphy data of these sediments to unravel the dynamics of this transition, closely linked with the early stages of the Himalayan orogenic evolution. The Pirkoh Formation, characterised by three microfacies, indicates deposition in inner to open shelf settings. The overlying Drazinda Formation comprises six microfacies and two lithofacies, indicating deposition in semi‐restricted lagoon to middle shelf environments. The Chitarwatta Formation comprises five distinct lithofacies, with the lower unit reflecting deposition in tidal flat settings and the upper unit representing deposition in a fluvial floodplain. An assemblage and two taxon range larger benthic foraminiferal and two planktic foraminiferal assemblage biozones in the Pirkoh and Drazinda formations were identified. These biozones suggest a Lutetian to Bartonian (Middle Eocene) age for the Pirkoh and the lower part of the Drazinda formations, and a Priabonian (Late Eocene) age for the upper part of the Drazinda Formation. No age‐diagnostic fauna was retrieved from the Chitarwatta Formation. Therefore, an Oligocene age has been retained for it based on previous studies. The integration of sedimentary facies with biostratigraphic ages reveals a final transgression of the Tethys Sea in the SFTB in the Lutetian–Bartonian following the initial India–Asia collision in the early Eocene in the region. The Tethys Sea started to gradually retreat in the Priabonian with the deposition of dominantly semi‐restricted lagoonal shales in the upper part of the Drazinda Formation. The Tethys Sea further retreated at the start of the Oligocene with the deposition of the transitional marine tidal flat sediments in the lower part of the Chitarwatta Formation. The cessation of the Tethys Sea occurred in the late Oligocene, represented by the deposition of the fluvial sediments in the upper part of the Chitarwatta Formation in the SFTB. The typical Miocene Himalayan foreland basin molasse sediments overlie the Chitarwatta Formation, representing the establishment of the foreland basin sedimentation in the SFTB by the late Oligocene to Miocene. This transition from remnant Tethys Sea to Himalayan foreland basin sedimentation in the SFTB can be linked with the southward migration of the Himalayan deformation front.",Geological and Geophysical Studies
Tethys Sea,1855,1865,LOC,spacy,W4408641270,The Tethys Sea further retreated at the start of the Oligocene with the deposition of the transitional marine tidal flat sediments in the lower part of the Chitarwatta Formation.,"The late Paleogene sedimentary succession exposed in the north Sulaiman fold‐thrust belt (SFTB), Pakistan, provides a critical record of the tectono‐sedimentary processes associated with the transition from the remnant Tethys Sea to a foreland basin. This study integrates sedimentary facies and biostratigraphy data of these sediments to unravel the dynamics of this transition, closely linked with the early stages of the Himalayan orogenic evolution. The Pirkoh Formation, characterised by three microfacies, indicates deposition in inner to open shelf settings. The overlying Drazinda Formation comprises six microfacies and two lithofacies, indicating deposition in semi‐restricted lagoon to middle shelf environments. The Chitarwatta Formation comprises five distinct lithofacies, with the lower unit reflecting deposition in tidal flat settings and the upper unit representing deposition in a fluvial floodplain. An assemblage and two taxon range larger benthic foraminiferal and two planktic foraminiferal assemblage biozones in the Pirkoh and Drazinda formations were identified. These biozones suggest a Lutetian to Bartonian (Middle Eocene) age for the Pirkoh and the lower part of the Drazinda formations, and a Priabonian (Late Eocene) age for the upper part of the Drazinda Formation. No age‐diagnostic fauna was retrieved from the Chitarwatta Formation. Therefore, an Oligocene age has been retained for it based on previous studies. The integration of sedimentary facies with biostratigraphic ages reveals a final transgression of the Tethys Sea in the SFTB in the Lutetian–Bartonian following the initial India–Asia collision in the early Eocene in the region. The Tethys Sea started to gradually retreat in the Priabonian with the deposition of dominantly semi‐restricted lagoonal shales in the upper part of the Drazinda Formation. The Tethys Sea further retreated at the start of the Oligocene with the deposition of the transitional marine tidal flat sediments in the lower part of the Chitarwatta Formation. The cessation of the Tethys Sea occurred in the late Oligocene, represented by the deposition of the fluvial sediments in the upper part of the Chitarwatta Formation in the SFTB. The typical Miocene Himalayan foreland basin molasse sediments overlie the Chitarwatta Formation, representing the establishment of the foreland basin sedimentation in the SFTB by the late Oligocene to Miocene. This transition from remnant Tethys Sea to Himalayan foreland basin sedimentation in the SFTB can be linked with the southward migration of the Himalayan deformation front.",Geological and Geophysical Studies
the Tethys Sea,2047,2061,LOC,spacy,W4408641270,"The cessation of the Tethys Sea occurred in the late Oligocene, represented by the deposition of the fluvial sediments in the upper part of the Chitarwatta Formation in the SFTB.","The late Paleogene sedimentary succession exposed in the north Sulaiman fold‐thrust belt (SFTB), Pakistan, provides a critical record of the tectono‐sedimentary processes associated with the transition from the remnant Tethys Sea to a foreland basin. This study integrates sedimentary facies and biostratigraphy data of these sediments to unravel the dynamics of this transition, closely linked with the early stages of the Himalayan orogenic evolution. The Pirkoh Formation, characterised by three microfacies, indicates deposition in inner to open shelf settings. The overlying Drazinda Formation comprises six microfacies and two lithofacies, indicating deposition in semi‐restricted lagoon to middle shelf environments. The Chitarwatta Formation comprises five distinct lithofacies, with the lower unit reflecting deposition in tidal flat settings and the upper unit representing deposition in a fluvial floodplain. An assemblage and two taxon range larger benthic foraminiferal and two planktic foraminiferal assemblage biozones in the Pirkoh and Drazinda formations were identified. These biozones suggest a Lutetian to Bartonian (Middle Eocene) age for the Pirkoh and the lower part of the Drazinda formations, and a Priabonian (Late Eocene) age for the upper part of the Drazinda Formation. No age‐diagnostic fauna was retrieved from the Chitarwatta Formation. Therefore, an Oligocene age has been retained for it based on previous studies. The integration of sedimentary facies with biostratigraphic ages reveals a final transgression of the Tethys Sea in the SFTB in the Lutetian–Bartonian following the initial India–Asia collision in the early Eocene in the region. The Tethys Sea started to gradually retreat in the Priabonian with the deposition of dominantly semi‐restricted lagoonal shales in the upper part of the Drazinda Formation. The Tethys Sea further retreated at the start of the Oligocene with the deposition of the transitional marine tidal flat sediments in the lower part of the Chitarwatta Formation. The cessation of the Tethys Sea occurred in the late Oligocene, represented by the deposition of the fluvial sediments in the upper part of the Chitarwatta Formation in the SFTB. The typical Miocene Himalayan foreland basin molasse sediments overlie the Chitarwatta Formation, representing the establishment of the foreland basin sedimentation in the SFTB by the late Oligocene to Miocene. This transition from remnant Tethys Sea to Himalayan foreland basin sedimentation in the SFTB can be linked with the southward migration of the Himalayan deformation front.",Geological and Geophysical Studies
Tethys Sea,2449,2459,LOC,spacy,W4408641270,This transition from remnant Tethys Sea to Himalayan foreland basin sedimentation in the SFTB can be linked with the southward migration of the Himalayan deformation front.,"The late Paleogene sedimentary succession exposed in the north Sulaiman fold‐thrust belt (SFTB), Pakistan, provides a critical record of the tectono‐sedimentary processes associated with the transition from the remnant Tethys Sea to a foreland basin. This study integrates sedimentary facies and biostratigraphy data of these sediments to unravel the dynamics of this transition, closely linked with the early stages of the Himalayan orogenic evolution. The Pirkoh Formation, characterised by three microfacies, indicates deposition in inner to open shelf settings. The overlying Drazinda Formation comprises six microfacies and two lithofacies, indicating deposition in semi‐restricted lagoon to middle shelf environments. The Chitarwatta Formation comprises five distinct lithofacies, with the lower unit reflecting deposition in tidal flat settings and the upper unit representing deposition in a fluvial floodplain. An assemblage and two taxon range larger benthic foraminiferal and two planktic foraminiferal assemblage biozones in the Pirkoh and Drazinda formations were identified. These biozones suggest a Lutetian to Bartonian (Middle Eocene) age for the Pirkoh and the lower part of the Drazinda formations, and a Priabonian (Late Eocene) age for the upper part of the Drazinda Formation. No age‐diagnostic fauna was retrieved from the Chitarwatta Formation. Therefore, an Oligocene age has been retained for it based on previous studies. The integration of sedimentary facies with biostratigraphic ages reveals a final transgression of the Tethys Sea in the SFTB in the Lutetian–Bartonian following the initial India–Asia collision in the early Eocene in the region. The Tethys Sea started to gradually retreat in the Priabonian with the deposition of dominantly semi‐restricted lagoonal shales in the upper part of the Drazinda Formation. The Tethys Sea further retreated at the start of the Oligocene with the deposition of the transitional marine tidal flat sediments in the lower part of the Chitarwatta Formation. The cessation of the Tethys Sea occurred in the late Oligocene, represented by the deposition of the fluvial sediments in the upper part of the Chitarwatta Formation in the SFTB. The typical Miocene Himalayan foreland basin molasse sediments overlie the Chitarwatta Formation, representing the establishment of the foreland basin sedimentation in the SFTB by the late Oligocene to Miocene. This transition from remnant Tethys Sea to Himalayan foreland basin sedimentation in the SFTB can be linked with the southward migration of the Himalayan deformation front.",Geological and Geophysical Studies
North-East,34,44,LOC,spacy,W4408560696,"In the former Lorraine coalfield, North-East of France, mining subsidence has been occurring over decades.","In the former Lorraine coalfield, North-East of France, mining subsidence has been occurring over decades. After the end of coal mining in 2004, uplift started to be detected throughout the basin. In recent years, a coalbed methane (CBM) extraction project was under consideration in the same region. This extraction project would target virgin coal layers at about 1 km depth, in which production tests were conducted between February 2017 and December 2019. Given this particular context, combining past and recent activities in the underground, it is useful to precisely characterize the current induced surface displacements in the area. For this reason, PS-InSAR (Hooper et al, 2012) has been applied to Sentinel-1 SAR images over the period 2014-2019, throughout the entire former coalfield. On one hand, our results confirm the occurrence of uplift movements above the abandoned mine panels, with a maximum mean velocity of +9 mm/yr in the LoS direction, over the whole period. This uplift decreases through time; its rate is more important over the first half of the study period. When comparisons are available, our results appear to be well-correlated to on-ground levelling measurements. This phenomenon is related to the ongoing flooding of the mined-out panels in the coal basin. On the other hand, due to the poor spatial coverage of the data above the CBM production test zone, no conclusion could be drawn regarding potential surface displacements related to this activity, but this result can be put into perspective with the rare observations available in active CBM production in other areas around the world. We also found out that, since mid-2018, subsidence is detected above an active anhydrite underground mine, with an absolute mean velocity about 4 mm/yr in the LoS (Line of Sight) direction over the period January 2017 – December 2019. Complementary investigations are required to determine the origin of these displacements. As a conclusion, the map of the current displacements in the study area is shown to reflect both past and present underground operations, and can even be a way to discuss possible future ones, in case new operations are projected.",Geotechnical and Geomechanical Engineering
France,48,54,GPE,spacy,W4408560696,"In the former Lorraine coalfield, North-East of France, mining subsidence has been occurring over decades.","In the former Lorraine coalfield, North-East of France, mining subsidence has been occurring over decades. After the end of coal mining in 2004, uplift started to be detected throughout the basin. In recent years, a coalbed methane (CBM) extraction project was under consideration in the same region. This extraction project would target virgin coal layers at about 1 km depth, in which production tests were conducted between February 2017 and December 2019. Given this particular context, combining past and recent activities in the underground, it is useful to precisely characterize the current induced surface displacements in the area. For this reason, PS-InSAR (Hooper et al, 2012) has been applied to Sentinel-1 SAR images over the period 2014-2019, throughout the entire former coalfield. On one hand, our results confirm the occurrence of uplift movements above the abandoned mine panels, with a maximum mean velocity of +9 mm/yr in the LoS direction, over the whole period. This uplift decreases through time; its rate is more important over the first half of the study period. When comparisons are available, our results appear to be well-correlated to on-ground levelling measurements. This phenomenon is related to the ongoing flooding of the mined-out panels in the coal basin. On the other hand, due to the poor spatial coverage of the data above the CBM production test zone, no conclusion could be drawn regarding potential surface displacements related to this activity, but this result can be put into perspective with the rare observations available in active CBM production in other areas around the world. We also found out that, since mid-2018, subsidence is detected above an active anhydrite underground mine, with an absolute mean velocity about 4 mm/yr in the LoS (Line of Sight) direction over the period January 2017 – December 2019. Complementary investigations are required to determine the origin of these displacements. As a conclusion, the map of the current displacements in the study area is shown to reflect both past and present underground operations, and can even be a way to discuss possible future ones, in case new operations are projected.",Geotechnical and Geomechanical Engineering
Pakistan,1646,1654,GPE,spacy,W4394938978,"An accuracy assessment of MoM from user-perspective across nine different flood types revealed that (i) the model reliably generated early warning for 100% of the flooded sub-watersheds in seven events, and (ii) during 2022 flooding, 61% and 89% of the flooded sub-watersheds that were identified to be in Watch and Warning categories in Pakistan and Chad, respectively, were detected to be flooding by the Copernicus Global Flood Monitoring system.","Flooding is a frequent extreme weather event that causes significant financial and societal losses. According to the International Disaster Database (EM-DAT), during January through July 2023, 87 flooding events caused about 2,000 deaths and $13 billion in damages, globally. Among the impacted, lowand medium-income countries with resource scarcity tend to experience high mortality, displacement of people, unmitigated damages, and long-term recovery. Currently, several hydrologic models and Earth Observation (EO) datasets are used to forecast flood severity and impacts. However, not all of these models are globally operational or publicly available. The variability in outputs in terms of accuracy, scale, and content also limits their usage for emergency response activities. The Model of Models (MoM), an ensemble approach, integrates hydrologic models and EO datasets (i) to forecast flood risk (probability of occurrence) globally every 24-hours at a sub-watershed level, which is used (ii) to disseminate alert messages and potential impact information to at-risk communities using the Pacific Disaster Center's DisasterAWARE platform. MoM is operational and designed to assist countries with flood risk management and mitigation by providing early warning and situational awareness information. An accuracy assessment of MoM from user-perspective across nine different flood types revealed that (i) the model reliably generated early warning for 100% of the flooded sub-watersheds in seven events, and (ii) during 2022 flooding, 61% and 89% of the flooded sub-watersheds that were identified to be in Watch and Warning categories in Pakistan and Chad, respectively, were detected to be flooding by the Copernicus Global Flood Monitoring system.",Flood Risk Assessment and Management
Chad,1659,1663,GPE,spacy,W4394938978,"An accuracy assessment of MoM from user-perspective across nine different flood types revealed that (i) the model reliably generated early warning for 100% of the flooded sub-watersheds in seven events, and (ii) during 2022 flooding, 61% and 89% of the flooded sub-watersheds that were identified to be in Watch and Warning categories in Pakistan and Chad, respectively, were detected to be flooding by the Copernicus Global Flood Monitoring system.","Flooding is a frequent extreme weather event that causes significant financial and societal losses. According to the International Disaster Database (EM-DAT), during January through July 2023, 87 flooding events caused about 2,000 deaths and $13 billion in damages, globally. Among the impacted, lowand medium-income countries with resource scarcity tend to experience high mortality, displacement of people, unmitigated damages, and long-term recovery. Currently, several hydrologic models and Earth Observation (EO) datasets are used to forecast flood severity and impacts. However, not all of these models are globally operational or publicly available. The variability in outputs in terms of accuracy, scale, and content also limits their usage for emergency response activities. The Model of Models (MoM), an ensemble approach, integrates hydrologic models and EO datasets (i) to forecast flood risk (probability of occurrence) globally every 24-hours at a sub-watershed level, which is used (ii) to disseminate alert messages and potential impact information to at-risk communities using the Pacific Disaster Center's DisasterAWARE platform. MoM is operational and designed to assist countries with flood risk management and mitigation by providing early warning and situational awareness information. An accuracy assessment of MoM from user-perspective across nine different flood types revealed that (i) the model reliably generated early warning for 100% of the flooded sub-watersheds in seven events, and (ii) during 2022 flooding, 61% and 89% of the flooded sub-watersheds that were identified to be in Watch and Warning categories in Pakistan and Chad, respectively, were detected to be flooding by the Copernicus Global Flood Monitoring system.",Flood Risk Assessment and Management
Wiley Online Library,212,232,FAC,spacy,W4392372732,"The above article, published online on 16 March 2023 in Wiley Online Library ( https://onlinelibrary.wiley.com/doi/full/10.1002/gj.4729 ) has been retracted by agreement between the journal's Editors in Chief, Ian D. Somerville and Yunpeng Dong, and John Wiley &amp; Sons Ltd.","Retraction: ‘’ by Indrajit Chowdhuri , Subodh Chandra Pal , Paramita Roy , Rabin Chakrabortty , Asish Saha , Manisa Shit , Geol J 2023 , 58 : 3515 – 3543 . The above article, published online on 16 March 2023 in Wiley Online Library ( https://onlinelibrary.wiley.com/doi/full/10.1002/gj.4729 ) has been retracted by agreement between the journal's Editors in Chief, Ian D. Somerville and Yunpeng Dong, and John Wiley &amp; Sons Ltd. The retraction has been agreed following concerns raised by a third party. Further investigation by the publisher has found manipulation of the peer review process. The retraction is warranted due to the compromised integrity of the article's peer review.",Flood Risk Assessment and Management
California,1215,1225,GPE,spacy,W4394783388,The optimization model is applied preliminarily to California's Yolo Bypass.,"Flood bypasses are used in regional flood management to reduce flood risk and damage by routing substantial flood flows to a supplementary river channel to lower flood stages in the usual river mainstem. Design, operations, and modifications to flood bypasses commonly employ hydraulic analysis and evaluation. Economics of flood bypasses is usually considered only in terms of feasibility, and bypass design is rarely optimized economically. The literature lacks formal integration of economics, engineering, and hydrology for flood bypasses. Economically analyzed flood bypass systems better incorporate bypasses into flood management, reflecting and balancing the range of costs, impacts, and opportunities of bypasses. This paper presents a method to integrate economics, hydrology, and engineering for flood bypass planning. An economic optimization model is developed based on a cost–benefit analysis. The optimization suggests and explores a preferred economic flood bypass capacity. A preliminary analysis is developed, with a base case that includes benefits from flood risk reduction only. Costs include for a levee setback, weir widening, and land use. The optimization model is applied preliminarily to California's Yolo Bypass. With the simplification of unlimited land availability, the model results suggest an optimal Yolo Bypass capacity expansion of approximately 5,800 m3/s. The expansion suggested is close to the Department of Water Resources (DWR) stated objective in their 2017 Central Valley Flood Protection Plan and part of the Basin-Wide Feasibility Studies Sacramento River Basin, part of the Central Valley Flood Management Program of 2017. The model is also applied to the Mississippi River Basin's, New Madrid Birds Point Bypass and Morganza Floodway. In all cases, actual and theoretically optimal bypass capacities agree in their general behavior. This paper provides a framework for decision analysis. This method can better inform policymakers and stakeholders on bypass design and structural modifications and long-term flood management strategy.",Hydraulic flow and structures
the Basin-Wide Feasibility,1550,1576,FAC,spacy,W4394783388,"The expansion suggested is close to the Department of Water Resources (DWR) stated objective in their 2017 Central Valley Flood Protection Plan and part of the Basin-Wide Feasibility Studies Sacramento River Basin, part of the Central Valley Flood Management Program of 2017.","Flood bypasses are used in regional flood management to reduce flood risk and damage by routing substantial flood flows to a supplementary river channel to lower flood stages in the usual river mainstem. Design, operations, and modifications to flood bypasses commonly employ hydraulic analysis and evaluation. Economics of flood bypasses is usually considered only in terms of feasibility, and bypass design is rarely optimized economically. The literature lacks formal integration of economics, engineering, and hydrology for flood bypasses. Economically analyzed flood bypass systems better incorporate bypasses into flood management, reflecting and balancing the range of costs, impacts, and opportunities of bypasses. This paper presents a method to integrate economics, hydrology, and engineering for flood bypass planning. An economic optimization model is developed based on a cost–benefit analysis. The optimization suggests and explores a preferred economic flood bypass capacity. A preliminary analysis is developed, with a base case that includes benefits from flood risk reduction only. Costs include for a levee setback, weir widening, and land use. The optimization model is applied preliminarily to California's Yolo Bypass. With the simplification of unlimited land availability, the model results suggest an optimal Yolo Bypass capacity expansion of approximately 5,800 m3/s. The expansion suggested is close to the Department of Water Resources (DWR) stated objective in their 2017 Central Valley Flood Protection Plan and part of the Basin-Wide Feasibility Studies Sacramento River Basin, part of the Central Valley Flood Management Program of 2017. The model is also applied to the Mississippi River Basin's, New Madrid Birds Point Bypass and Morganza Floodway. In all cases, actual and theoretically optimal bypass capacities agree in their general behavior. This paper provides a framework for decision analysis. This method can better inform policymakers and stakeholders on bypass design and structural modifications and long-term flood management strategy.",Hydraulic flow and structures
Sacramento,1585,1595,GPE,spacy,W4394783388,"The expansion suggested is close to the Department of Water Resources (DWR) stated objective in their 2017 Central Valley Flood Protection Plan and part of the Basin-Wide Feasibility Studies Sacramento River Basin, part of the Central Valley Flood Management Program of 2017.","Flood bypasses are used in regional flood management to reduce flood risk and damage by routing substantial flood flows to a supplementary river channel to lower flood stages in the usual river mainstem. Design, operations, and modifications to flood bypasses commonly employ hydraulic analysis and evaluation. Economics of flood bypasses is usually considered only in terms of feasibility, and bypass design is rarely optimized economically. The literature lacks formal integration of economics, engineering, and hydrology for flood bypasses. Economically analyzed flood bypass systems better incorporate bypasses into flood management, reflecting and balancing the range of costs, impacts, and opportunities of bypasses. This paper presents a method to integrate economics, hydrology, and engineering for flood bypass planning. An economic optimization model is developed based on a cost–benefit analysis. The optimization suggests and explores a preferred economic flood bypass capacity. A preliminary analysis is developed, with a base case that includes benefits from flood risk reduction only. Costs include for a levee setback, weir widening, and land use. The optimization model is applied preliminarily to California's Yolo Bypass. With the simplification of unlimited land availability, the model results suggest an optimal Yolo Bypass capacity expansion of approximately 5,800 m3/s. The expansion suggested is close to the Department of Water Resources (DWR) stated objective in their 2017 Central Valley Flood Protection Plan and part of the Basin-Wide Feasibility Studies Sacramento River Basin, part of the Central Valley Flood Management Program of 2017. The model is also applied to the Mississippi River Basin's, New Madrid Birds Point Bypass and Morganza Floodway. In all cases, actual and theoretically optimal bypass capacities agree in their general behavior. This paper provides a framework for decision analysis. This method can better inform policymakers and stakeholders on bypass design and structural modifications and long-term flood management strategy.",Hydraulic flow and structures
the Mississippi River Basin's,1699,1728,LOC,spacy,W4394783388,"The model is also applied to the Mississippi River Basin's, New Madrid Birds Point Bypass and Morganza Floodway.","Flood bypasses are used in regional flood management to reduce flood risk and damage by routing substantial flood flows to a supplementary river channel to lower flood stages in the usual river mainstem. Design, operations, and modifications to flood bypasses commonly employ hydraulic analysis and evaluation. Economics of flood bypasses is usually considered only in terms of feasibility, and bypass design is rarely optimized economically. The literature lacks formal integration of economics, engineering, and hydrology for flood bypasses. Economically analyzed flood bypass systems better incorporate bypasses into flood management, reflecting and balancing the range of costs, impacts, and opportunities of bypasses. This paper presents a method to integrate economics, hydrology, and engineering for flood bypass planning. An economic optimization model is developed based on a cost–benefit analysis. The optimization suggests and explores a preferred economic flood bypass capacity. A preliminary analysis is developed, with a base case that includes benefits from flood risk reduction only. Costs include for a levee setback, weir widening, and land use. The optimization model is applied preliminarily to California's Yolo Bypass. With the simplification of unlimited land availability, the model results suggest an optimal Yolo Bypass capacity expansion of approximately 5,800 m3/s. The expansion suggested is close to the Department of Water Resources (DWR) stated objective in their 2017 Central Valley Flood Protection Plan and part of the Basin-Wide Feasibility Studies Sacramento River Basin, part of the Central Valley Flood Management Program of 2017. The model is also applied to the Mississippi River Basin's, New Madrid Birds Point Bypass and Morganza Floodway. In all cases, actual and theoretically optimal bypass capacities agree in their general behavior. This paper provides a framework for decision analysis. This method can better inform policymakers and stakeholders on bypass design and structural modifications and long-term flood management strategy.",Hydraulic flow and structures
Sen1Floods11,679,691,GPE,spacy,W4404238193,"The proposed model was compared with state-of-the-art approaches using Sen1Floods11 dataset and our bespoke flood data generated for the Citarum River basin, Indonesia.","In recent years, the integration of deep learning techniques with remote sensing technology has revolutionized the way natural hazards, such as floods, are monitored and managed. However, existing methods for flood segmentation using remote sensing data often overlook the utility of correlative features among multispectral satellite information. In this study, we introduce a progressive cross attention network (ProCANet), a deep learning model that progressively applies both self- and cross-attention mechanisms to multispectral features, generating optimal feature combinations for flood segmentation. The proposed model was compared with state-of-the-art approaches using Sen1Floods11 dataset and our bespoke flood data generated for the Citarum River basin, Indonesia. Our model demonstrated superior performance with the highest Intersection over Union (IoU) score of 0.815. Our results in this study, coupled with the ablation assessment comparing scenarios with and without attention across various modalities, opens a promising path for enhancing the accuracy of flood analysis using remote sensing technology.",Flood Risk Assessment and Management
Citarum River,745,758,LOC,spacy,W4404238193,"The proposed model was compared with state-of-the-art approaches using Sen1Floods11 dataset and our bespoke flood data generated for the Citarum River basin, Indonesia.","In recent years, the integration of deep learning techniques with remote sensing technology has revolutionized the way natural hazards, such as floods, are monitored and managed. However, existing methods for flood segmentation using remote sensing data often overlook the utility of correlative features among multispectral satellite information. In this study, we introduce a progressive cross attention network (ProCANet), a deep learning model that progressively applies both self- and cross-attention mechanisms to multispectral features, generating optimal feature combinations for flood segmentation. The proposed model was compared with state-of-the-art approaches using Sen1Floods11 dataset and our bespoke flood data generated for the Citarum River basin, Indonesia. Our model demonstrated superior performance with the highest Intersection over Union (IoU) score of 0.815. Our results in this study, coupled with the ablation assessment comparing scenarios with and without attention across various modalities, opens a promising path for enhancing the accuracy of flood analysis using remote sensing technology.",Flood Risk Assessment and Management
Indonesia,766,775,GPE,spacy,W4404238193,"The proposed model was compared with state-of-the-art approaches using Sen1Floods11 dataset and our bespoke flood data generated for the Citarum River basin, Indonesia.","In recent years, the integration of deep learning techniques with remote sensing technology has revolutionized the way natural hazards, such as floods, are monitored and managed. However, existing methods for flood segmentation using remote sensing data often overlook the utility of correlative features among multispectral satellite information. In this study, we introduce a progressive cross attention network (ProCANet), a deep learning model that progressively applies both self- and cross-attention mechanisms to multispectral features, generating optimal feature combinations for flood segmentation. The proposed model was compared with state-of-the-art approaches using Sen1Floods11 dataset and our bespoke flood data generated for the Citarum River basin, Indonesia. Our model demonstrated superior performance with the highest Intersection over Union (IoU) score of 0.815. Our results in this study, coupled with the ablation assessment comparing scenarios with and without attention across various modalities, opens a promising path for enhancing the accuracy of flood analysis using remote sensing technology.",Flood Risk Assessment and Management
England,608,615,GPE,spacy,W4405589117,Residents living in flood risk areas in England and the Netherlands were interviewed on their preferences for flood risk communication.,"Flood risk is increasing, and residents are expected to undertake adaptation measures to minimize flood damage. This requires them to be aware of the risk they face and how they can adapt, but this is often not the case. Through risk communication, residents’ relation to their flood-prone environment could be strengthened, but the effect remains limited. This article aims to understand how residents across countries prefer flood risk communication and provides a basis for developing communication strategies that manage to raise awareness on risk and adaptation. Residents living in flood risk areas in England and the Netherlands were interviewed on their preferences for flood risk communication. The Q-methodology, consisting of 34 Q-sorts, resulted in four significantly different sets of preferences: (1) localist; (2) sufficientist; (3) imperfectionist; and (4) conventionalist. Moreover, cultural and individual factors, such as country of residence, flood experience, and responsibility division, prove potential determiners for these distinctly different perspectives.",Flood Risk Assessment and Management
Netherlands,624,635,GPE,spacy,W4405589117,Residents living in flood risk areas in England and the Netherlands were interviewed on their preferences for flood risk communication.,"Flood risk is increasing, and residents are expected to undertake adaptation measures to minimize flood damage. This requires them to be aware of the risk they face and how they can adapt, but this is often not the case. Through risk communication, residents’ relation to their flood-prone environment could be strengthened, but the effect remains limited. This article aims to understand how residents across countries prefer flood risk communication and provides a basis for developing communication strategies that manage to raise awareness on risk and adaptation. Residents living in flood risk areas in England and the Netherlands were interviewed on their preferences for flood risk communication. The Q-methodology, consisting of 34 Q-sorts, resulted in four significantly different sets of preferences: (1) localist; (2) sufficientist; (3) imperfectionist; and (4) conventionalist. Moreover, cultural and individual factors, such as country of residence, flood experience, and responsibility division, prove potential determiners for these distinctly different perspectives.",Flood Risk Assessment and Management
China,74,79,GPE,spacy,W4402887426,"With the increasing construction of pumped storage hydropower projects in China, dam-break risk has become a matter of great concern.","With the increasing construction of pumped storage hydropower projects in China, dam-break risk has become a matter of great concern. Typical pumped storage hydropower stations have relatively small storage capacity but are vulnerable to complicated combinations of dam breaks between their upper and lower reservoirs. This paper provides basic principles for determining different dam-break classes that could initiate at a pumped storage hydropower station and summarizes these in terms of risk source. After idealizing the breach development process, a simple dam-break model and a planar two-dimensional depth-averaged shallow flow model are used to calculate the discharge hydrograph of the dam-break flood and simulate the temporal and spatial characteristics of downstream inundation. Taking a montane rockfill-pumped storage project as an example, 12 dam-break schemes are used to examine different types of combined flow patterns driven by upper and lower dam breaks with modes that are gradual and/or instantaneous. It is found that predicted dam-break discharge hydrographs and downstream inundation indexes under adverse schemes fit common features of dam-break floods in mountain rivers. Downstream disaster losses are evaluated and flood evacuation routes are recommended. The findings of this study should be useful in ensuring the safe management of pumped storage hydropower stations.",Aquatic and Environmental Studies
Houston,678,685,GPE,spacy,W4400944833,"We take the 2017 Houston flood event as a test case, where the study areas are divided into six fine-grained LULC classes, i.e., residential areas, service areas, main roads, forest, grassland, and waterways.","In the context of frequent global flood disasters, flood detection is of great significance for emergency management and human sustainable development, especially in urban areas with increasing population and socio-economic activities. However, there are similar reflection/scattering characteristics between flooded and nonflooded land use and land cover (LULC) classes in complex urban environments, which limit the accurate detection of floods. In this study, we develop a new method for fine-grained and accurate flood detection by integrating multitemporal Sentinel-1 synthetic aperture radar images, OpenStreetMap data, and convolutional neural networks. We take the 2017 Houston flood event as a test case, where the study areas are divided into six fine-grained LULC classes, i.e., residential areas, service areas, main roads, forest, grassland, and waterways. Based on the information of fine-grained LULC classification, the proposed method performs more prominently than the baseline methods for urban flood detection. Specifically, compared with such baseline methods, F1 score, overall accuracy, and Kappa increase by more than 3.96%, 4.53%, and 9.26%, respectively. The integration of remote sensing and crowdsourced data provides a new perspective for flood detection in complex urban environments, thus supporting emergency management.",Flood Risk Assessment and Management
F1,1082,1084,GPE,spacy,W4400944833,"Specifically, compared with such baseline methods, F1 score, overall accuracy, and Kappa increase by more than 3.96%, 4.53%, and 9.26%, respectively.","In the context of frequent global flood disasters, flood detection is of great significance for emergency management and human sustainable development, especially in urban areas with increasing population and socio-economic activities. However, there are similar reflection/scattering characteristics between flooded and nonflooded land use and land cover (LULC) classes in complex urban environments, which limit the accurate detection of floods. In this study, we develop a new method for fine-grained and accurate flood detection by integrating multitemporal Sentinel-1 synthetic aperture radar images, OpenStreetMap data, and convolutional neural networks. We take the 2017 Houston flood event as a test case, where the study areas are divided into six fine-grained LULC classes, i.e., residential areas, service areas, main roads, forest, grassland, and waterways. Based on the information of fine-grained LULC classification, the proposed method performs more prominently than the baseline methods for urban flood detection. Specifically, compared with such baseline methods, F1 score, overall accuracy, and Kappa increase by more than 3.96%, 4.53%, and 9.26%, respectively. The integration of remote sensing and crowdsourced data provides a new perspective for flood detection in complex urban environments, thus supporting emergency management.",Flood Risk Assessment and Management
El Bayadh City,440,454,GPE,spacy,W4401428439,"The comparison included water depth, flow velocity, and the extent of the flood risk areas of El Bayadh City in Algeria for the return periods 50, 100, and 1,000 years.","Floods have become a major risk in urban areas. Identifying areas at risk of flooding has become crucial to reducing this risk and protecting lives and property. Various softwares are used to identify areas at risk of flooding. In this work, a comparative study was made between two well-known software in flood modeling, HEC-RAS 2D and IBER 2D. The comparison included water depth, flow velocity, and the extent of the flood risk areas of El Bayadh City in Algeria for the return periods 50, 100, and 1,000 years. Despite the existence of some differences in the results of the water depths and the flow velocities compared, the results showed a good agreement between the two softwares. The HEC-RAS software gave higher values than the IBER software for three return periods in estimating water depth, and the IBER provided higher values than HEC-RAS in flood velocity estimation. The results of the flooded areas are almost identical, and the relative deviation of the compared areas varies between 1 and 3%. A flood risk map was produced to identify areas most vulnerable to flooding. This map can be used to help mitigate the risk of flooding.",Reservoir Engineering and Simulation Methods
Algeria,458,465,GPE,spacy,W4401428439,"The comparison included water depth, flow velocity, and the extent of the flood risk areas of El Bayadh City in Algeria for the return periods 50, 100, and 1,000 years.","Floods have become a major risk in urban areas. Identifying areas at risk of flooding has become crucial to reducing this risk and protecting lives and property. Various softwares are used to identify areas at risk of flooding. In this work, a comparative study was made between two well-known software in flood modeling, HEC-RAS 2D and IBER 2D. The comparison included water depth, flow velocity, and the extent of the flood risk areas of El Bayadh City in Algeria for the return periods 50, 100, and 1,000 years. Despite the existence of some differences in the results of the water depths and the flow velocities compared, the results showed a good agreement between the two softwares. The HEC-RAS software gave higher values than the IBER software for three return periods in estimating water depth, and the IBER provided higher values than HEC-RAS in flood velocity estimation. The results of the flooded areas are almost identical, and the relative deviation of the compared areas varies between 1 and 3%. A flood risk map was produced to identify areas most vulnerable to flooding. This map can be used to help mitigate the risk of flooding.",Reservoir Engineering and Simulation Methods
田んぼダムの実施により,442,453,GPE,spacy,W4399723744,"また,本地域の幹線用水路は豪雨時の排水強化のために排水路として機能し,水路の余水吐から支流河川へおよび水路末端から支流の原田川を経由して本川への流出が生じる構造になっているが,田んぼダムの実施により,支流河川のピーク流量を低下させるだけではなく,水路自体の溢水も抑制されることが推測された.","近年の流域治水への政策転換に伴い,水田を洪水対策に活用する「田んぼダム」の取り組みが全国的に普及しつつある.この取り組みを実施することにより,豪雨時において水系本川よりも支流河川のピーク流出量の低下と支流河川流域での洪水氾濫対策に効果が大きいものと期待されている.本研究では,農地が卓越する熊本県球磨川上流左岸流域において,田んぼダムの取り組みが複数の支流河川流量のピークカット率に与える影響を評価することを目的とした.用いた内水氾濫解析モデルには本地域特有の複数支流河川流域にまたがる農業水利施設(幹線用水路および豪雨時の支流河川への放流機構)の影響を組み込んだ.その結果,支流河川流域の水田面積率および田んぼダム実施率によってピーク流量緩和効果が異なることが示され,その関係性を簡便な式により推定できた.また,本地域の幹線用水路は豪雨時の排水強化のために排水路として機能し,水路の余水吐から支流河川へおよび水路末端から支流の原田川を経由して本川への流出が生じる構造になっているが,田んぼダムの実施により,支流河川のピーク流量を低下させるだけではなく,水路自体の溢水も抑制されることが推測された.",Rice Cultivation and Yield Improvement
Jakarta,80,87,GPE,spacy,W4402718755,"Because of its low-lying location, urbanization, and inadequate infrastructure, Jakarta (Indonesia) has experienced an increase in annual flooding events, rising from an average of five significant floods per year in the 1990s to over 20 annually (2010-2020).","Because of its low-lying location, urbanization, and inadequate infrastructure, Jakarta (Indonesia) has experienced an increase in annual flooding events, rising from an average of five significant floods per year in the 1990s to over 20 annually (2010-2020). With climate change exacerbating extreme weather events, Jakarta encounters escalating risks of flooding. Although the recurrent flooding is exacerbated by non-point source (NPS) of pollution such as urban runoff and agricultural discharge that contribute to 40% of total pollutants leading to flood-related issues in Jakarta, none has investigated this research gap. To reflect its novelty, this work explores the implications of climate change on the annual flooding in Jakarta by focusing on NPS and analyzes their impacts from social perspectives. This work also underscores the implications of flooding on livelihoods, health, and social cohesion in Jakarta. Focus group discussion with affected residents was used to shed light on the coping strategies employed in response to recurrent floods, ranging from community-based initiatives to reliance on informal networks. The empirical findings show that the implications of flooding extend beyond physical damages. Displacement of communities, loss of livelihoods, disruption of essential services, and increased health risks are among the social impacts experienced by local residents. Vulnerable populations, including low-income communities residing in informal settlements, bear their consequences. Economic losses from flooding amount to USD 500 million annually, impacting over 1 million residents. However, recent interventions have led to a 15% reduction in peak flood levels and a 20% reduction in flood duration in affected areas. Community resilience has also improved, with a 25% increase in flood insurance coverage and a 20% rise in community response initiatives. Overall, this study highlights that climate change exacerbates annual flooding in Jakarta, significantly impacting vulnerable communities through NPS pollution. Addressing the challenges requires integrated approaches combining effective pollution control, resilient infrastructure, and community engagement to mitigate social and long-term environmental impacts. PRACTITIONER POINTS: Climate-induced flooding disproportionately affects vulnerable communities in Jakarta. Non-point source pollution from urban runoff contributes to the severity of flooding in Jakarta. Waterborne diseases, disruption of livelihoods, and reduced access to clean water are major concerns identified in the study. The study highlights the importance of community-based adaptation strategies to mitigate the impact of flooding and pollution.",Flood Risk Assessment and Management
Indonesia,89,98,GPE,spacy,W4402718755,"Because of its low-lying location, urbanization, and inadequate infrastructure, Jakarta (Indonesia) has experienced an increase in annual flooding events, rising from an average of five significant floods per year in the 1990s to over 20 annually (2010-2020).","Because of its low-lying location, urbanization, and inadequate infrastructure, Jakarta (Indonesia) has experienced an increase in annual flooding events, rising from an average of five significant floods per year in the 1990s to over 20 annually (2010-2020). With climate change exacerbating extreme weather events, Jakarta encounters escalating risks of flooding. Although the recurrent flooding is exacerbated by non-point source (NPS) of pollution such as urban runoff and agricultural discharge that contribute to 40% of total pollutants leading to flood-related issues in Jakarta, none has investigated this research gap. To reflect its novelty, this work explores the implications of climate change on the annual flooding in Jakarta by focusing on NPS and analyzes their impacts from social perspectives. This work also underscores the implications of flooding on livelihoods, health, and social cohesion in Jakarta. Focus group discussion with affected residents was used to shed light on the coping strategies employed in response to recurrent floods, ranging from community-based initiatives to reliance on informal networks. The empirical findings show that the implications of flooding extend beyond physical damages. Displacement of communities, loss of livelihoods, disruption of essential services, and increased health risks are among the social impacts experienced by local residents. Vulnerable populations, including low-income communities residing in informal settlements, bear their consequences. Economic losses from flooding amount to USD 500 million annually, impacting over 1 million residents. However, recent interventions have led to a 15% reduction in peak flood levels and a 20% reduction in flood duration in affected areas. Community resilience has also improved, with a 25% increase in flood insurance coverage and a 20% rise in community response initiatives. Overall, this study highlights that climate change exacerbates annual flooding in Jakarta, significantly impacting vulnerable communities through NPS pollution. Addressing the challenges requires integrated approaches combining effective pollution control, resilient infrastructure, and community engagement to mitigate social and long-term environmental impacts. PRACTITIONER POINTS: Climate-induced flooding disproportionately affects vulnerable communities in Jakarta. Non-point source pollution from urban runoff contributes to the severity of flooding in Jakarta. Waterborne diseases, disruption of livelihoods, and reduced access to clean water are major concerns identified in the study. The study highlights the importance of community-based adaptation strategies to mitigate the impact of flooding and pollution.",Flood Risk Assessment and Management
Jakarta,317,324,GPE,spacy,W4402718755,"With climate change exacerbating extreme weather events, Jakarta encounters escalating risks of flooding.","Because of its low-lying location, urbanization, and inadequate infrastructure, Jakarta (Indonesia) has experienced an increase in annual flooding events, rising from an average of five significant floods per year in the 1990s to over 20 annually (2010-2020). With climate change exacerbating extreme weather events, Jakarta encounters escalating risks of flooding. Although the recurrent flooding is exacerbated by non-point source (NPS) of pollution such as urban runoff and agricultural discharge that contribute to 40% of total pollutants leading to flood-related issues in Jakarta, none has investigated this research gap. To reflect its novelty, this work explores the implications of climate change on the annual flooding in Jakarta by focusing on NPS and analyzes their impacts from social perspectives. This work also underscores the implications of flooding on livelihoods, health, and social cohesion in Jakarta. Focus group discussion with affected residents was used to shed light on the coping strategies employed in response to recurrent floods, ranging from community-based initiatives to reliance on informal networks. The empirical findings show that the implications of flooding extend beyond physical damages. Displacement of communities, loss of livelihoods, disruption of essential services, and increased health risks are among the social impacts experienced by local residents. Vulnerable populations, including low-income communities residing in informal settlements, bear their consequences. Economic losses from flooding amount to USD 500 million annually, impacting over 1 million residents. However, recent interventions have led to a 15% reduction in peak flood levels and a 20% reduction in flood duration in affected areas. Community resilience has also improved, with a 25% increase in flood insurance coverage and a 20% rise in community response initiatives. Overall, this study highlights that climate change exacerbates annual flooding in Jakarta, significantly impacting vulnerable communities through NPS pollution. Addressing the challenges requires integrated approaches combining effective pollution control, resilient infrastructure, and community engagement to mitigate social and long-term environmental impacts. PRACTITIONER POINTS: Climate-induced flooding disproportionately affects vulnerable communities in Jakarta. Non-point source pollution from urban runoff contributes to the severity of flooding in Jakarta. Waterborne diseases, disruption of livelihoods, and reduced access to clean water are major concerns identified in the study. The study highlights the importance of community-based adaptation strategies to mitigate the impact of flooding and pollution.",Flood Risk Assessment and Management
Jakarta,578,585,GPE,spacy,W4402718755,"Although the recurrent flooding is exacerbated by non-point source (NPS) of pollution such as urban runoff and agricultural discharge that contribute to 40% of total pollutants leading to flood-related issues in Jakarta, none has investigated this research gap.","Because of its low-lying location, urbanization, and inadequate infrastructure, Jakarta (Indonesia) has experienced an increase in annual flooding events, rising from an average of five significant floods per year in the 1990s to over 20 annually (2010-2020). With climate change exacerbating extreme weather events, Jakarta encounters escalating risks of flooding. Although the recurrent flooding is exacerbated by non-point source (NPS) of pollution such as urban runoff and agricultural discharge that contribute to 40% of total pollutants leading to flood-related issues in Jakarta, none has investigated this research gap. To reflect its novelty, this work explores the implications of climate change on the annual flooding in Jakarta by focusing on NPS and analyzes their impacts from social perspectives. This work also underscores the implications of flooding on livelihoods, health, and social cohesion in Jakarta. Focus group discussion with affected residents was used to shed light on the coping strategies employed in response to recurrent floods, ranging from community-based initiatives to reliance on informal networks. The empirical findings show that the implications of flooding extend beyond physical damages. Displacement of communities, loss of livelihoods, disruption of essential services, and increased health risks are among the social impacts experienced by local residents. Vulnerable populations, including low-income communities residing in informal settlements, bear their consequences. Economic losses from flooding amount to USD 500 million annually, impacting over 1 million residents. However, recent interventions have led to a 15% reduction in peak flood levels and a 20% reduction in flood duration in affected areas. Community resilience has also improved, with a 25% increase in flood insurance coverage and a 20% rise in community response initiatives. Overall, this study highlights that climate change exacerbates annual flooding in Jakarta, significantly impacting vulnerable communities through NPS pollution. Addressing the challenges requires integrated approaches combining effective pollution control, resilient infrastructure, and community engagement to mitigate social and long-term environmental impacts. PRACTITIONER POINTS: Climate-induced flooding disproportionately affects vulnerable communities in Jakarta. Non-point source pollution from urban runoff contributes to the severity of flooding in Jakarta. Waterborne diseases, disruption of livelihoods, and reduced access to clean water are major concerns identified in the study. The study highlights the importance of community-based adaptation strategies to mitigate the impact of flooding and pollution.",Flood Risk Assessment and Management
Jakarta,732,739,GPE,spacy,W4402718755,"To reflect its novelty, this work explores the implications of climate change on the annual flooding in Jakarta by focusing on NPS and analyzes their impacts from social perspectives.","Because of its low-lying location, urbanization, and inadequate infrastructure, Jakarta (Indonesia) has experienced an increase in annual flooding events, rising from an average of five significant floods per year in the 1990s to over 20 annually (2010-2020). With climate change exacerbating extreme weather events, Jakarta encounters escalating risks of flooding. Although the recurrent flooding is exacerbated by non-point source (NPS) of pollution such as urban runoff and agricultural discharge that contribute to 40% of total pollutants leading to flood-related issues in Jakarta, none has investigated this research gap. To reflect its novelty, this work explores the implications of climate change on the annual flooding in Jakarta by focusing on NPS and analyzes their impacts from social perspectives. This work also underscores the implications of flooding on livelihoods, health, and social cohesion in Jakarta. Focus group discussion with affected residents was used to shed light on the coping strategies employed in response to recurrent floods, ranging from community-based initiatives to reliance on informal networks. The empirical findings show that the implications of flooding extend beyond physical damages. Displacement of communities, loss of livelihoods, disruption of essential services, and increased health risks are among the social impacts experienced by local residents. Vulnerable populations, including low-income communities residing in informal settlements, bear their consequences. Economic losses from flooding amount to USD 500 million annually, impacting over 1 million residents. However, recent interventions have led to a 15% reduction in peak flood levels and a 20% reduction in flood duration in affected areas. Community resilience has also improved, with a 25% increase in flood insurance coverage and a 20% rise in community response initiatives. Overall, this study highlights that climate change exacerbates annual flooding in Jakarta, significantly impacting vulnerable communities through NPS pollution. Addressing the challenges requires integrated approaches combining effective pollution control, resilient infrastructure, and community engagement to mitigate social and long-term environmental impacts. PRACTITIONER POINTS: Climate-induced flooding disproportionately affects vulnerable communities in Jakarta. Non-point source pollution from urban runoff contributes to the severity of flooding in Jakarta. Waterborne diseases, disruption of livelihoods, and reduced access to clean water are major concerns identified in the study. The study highlights the importance of community-based adaptation strategies to mitigate the impact of flooding and pollution.",Flood Risk Assessment and Management
Jakarta,915,922,GPE,spacy,W4402718755,"This work also underscores the implications of flooding on livelihoods, health, and social cohesion in Jakarta.","Because of its low-lying location, urbanization, and inadequate infrastructure, Jakarta (Indonesia) has experienced an increase in annual flooding events, rising from an average of five significant floods per year in the 1990s to over 20 annually (2010-2020). With climate change exacerbating extreme weather events, Jakarta encounters escalating risks of flooding. Although the recurrent flooding is exacerbated by non-point source (NPS) of pollution such as urban runoff and agricultural discharge that contribute to 40% of total pollutants leading to flood-related issues in Jakarta, none has investigated this research gap. To reflect its novelty, this work explores the implications of climate change on the annual flooding in Jakarta by focusing on NPS and analyzes their impacts from social perspectives. This work also underscores the implications of flooding on livelihoods, health, and social cohesion in Jakarta. Focus group discussion with affected residents was used to shed light on the coping strategies employed in response to recurrent floods, ranging from community-based initiatives to reliance on informal networks. The empirical findings show that the implications of flooding extend beyond physical damages. Displacement of communities, loss of livelihoods, disruption of essential services, and increased health risks are among the social impacts experienced by local residents. Vulnerable populations, including low-income communities residing in informal settlements, bear their consequences. Economic losses from flooding amount to USD 500 million annually, impacting over 1 million residents. However, recent interventions have led to a 15% reduction in peak flood levels and a 20% reduction in flood duration in affected areas. Community resilience has also improved, with a 25% increase in flood insurance coverage and a 20% rise in community response initiatives. Overall, this study highlights that climate change exacerbates annual flooding in Jakarta, significantly impacting vulnerable communities through NPS pollution. Addressing the challenges requires integrated approaches combining effective pollution control, resilient infrastructure, and community engagement to mitigate social and long-term environmental impacts. PRACTITIONER POINTS: Climate-induced flooding disproportionately affects vulnerable communities in Jakarta. Non-point source pollution from urban runoff contributes to the severity of flooding in Jakarta. Waterborne diseases, disruption of livelihoods, and reduced access to clean water are major concerns identified in the study. The study highlights the importance of community-based adaptation strategies to mitigate the impact of flooding and pollution.",Flood Risk Assessment and Management
Jakarta,1976,1983,GPE,spacy,W4402718755,"Overall, this study highlights that climate change exacerbates annual flooding in Jakarta, significantly impacting vulnerable communities through NPS pollution.","Because of its low-lying location, urbanization, and inadequate infrastructure, Jakarta (Indonesia) has experienced an increase in annual flooding events, rising from an average of five significant floods per year in the 1990s to over 20 annually (2010-2020). With climate change exacerbating extreme weather events, Jakarta encounters escalating risks of flooding. Although the recurrent flooding is exacerbated by non-point source (NPS) of pollution such as urban runoff and agricultural discharge that contribute to 40% of total pollutants leading to flood-related issues in Jakarta, none has investigated this research gap. To reflect its novelty, this work explores the implications of climate change on the annual flooding in Jakarta by focusing on NPS and analyzes their impacts from social perspectives. This work also underscores the implications of flooding on livelihoods, health, and social cohesion in Jakarta. Focus group discussion with affected residents was used to shed light on the coping strategies employed in response to recurrent floods, ranging from community-based initiatives to reliance on informal networks. The empirical findings show that the implications of flooding extend beyond physical damages. Displacement of communities, loss of livelihoods, disruption of essential services, and increased health risks are among the social impacts experienced by local residents. Vulnerable populations, including low-income communities residing in informal settlements, bear their consequences. Economic losses from flooding amount to USD 500 million annually, impacting over 1 million residents. However, recent interventions have led to a 15% reduction in peak flood levels and a 20% reduction in flood duration in affected areas. Community resilience has also improved, with a 25% increase in flood insurance coverage and a 20% rise in community response initiatives. Overall, this study highlights that climate change exacerbates annual flooding in Jakarta, significantly impacting vulnerable communities through NPS pollution. Addressing the challenges requires integrated approaches combining effective pollution control, resilient infrastructure, and community engagement to mitigate social and long-term environmental impacts. PRACTITIONER POINTS: Climate-induced flooding disproportionately affects vulnerable communities in Jakarta. Non-point source pollution from urban runoff contributes to the severity of flooding in Jakarta. Waterborne diseases, disruption of livelihoods, and reduced access to clean water are major concerns identified in the study. The study highlights the importance of community-based adaptation strategies to mitigate the impact of flooding and pollution.",Flood Risk Assessment and Management
Jakarta,2357,2364,GPE,spacy,W4402718755,Climate-induced flooding disproportionately affects vulnerable communities in Jakarta.,"Because of its low-lying location, urbanization, and inadequate infrastructure, Jakarta (Indonesia) has experienced an increase in annual flooding events, rising from an average of five significant floods per year in the 1990s to over 20 annually (2010-2020). With climate change exacerbating extreme weather events, Jakarta encounters escalating risks of flooding. Although the recurrent flooding is exacerbated by non-point source (NPS) of pollution such as urban runoff and agricultural discharge that contribute to 40% of total pollutants leading to flood-related issues in Jakarta, none has investigated this research gap. To reflect its novelty, this work explores the implications of climate change on the annual flooding in Jakarta by focusing on NPS and analyzes their impacts from social perspectives. This work also underscores the implications of flooding on livelihoods, health, and social cohesion in Jakarta. Focus group discussion with affected residents was used to shed light on the coping strategies employed in response to recurrent floods, ranging from community-based initiatives to reliance on informal networks. The empirical findings show that the implications of flooding extend beyond physical damages. Displacement of communities, loss of livelihoods, disruption of essential services, and increased health risks are among the social impacts experienced by local residents. Vulnerable populations, including low-income communities residing in informal settlements, bear their consequences. Economic losses from flooding amount to USD 500 million annually, impacting over 1 million residents. However, recent interventions have led to a 15% reduction in peak flood levels and a 20% reduction in flood duration in affected areas. Community resilience has also improved, with a 25% increase in flood insurance coverage and a 20% rise in community response initiatives. Overall, this study highlights that climate change exacerbates annual flooding in Jakarta, significantly impacting vulnerable communities through NPS pollution. Addressing the challenges requires integrated approaches combining effective pollution control, resilient infrastructure, and community engagement to mitigate social and long-term environmental impacts. PRACTITIONER POINTS: Climate-induced flooding disproportionately affects vulnerable communities in Jakarta. Non-point source pollution from urban runoff contributes to the severity of flooding in Jakarta. Waterborne diseases, disruption of livelihoods, and reduced access to clean water are major concerns identified in the study. The study highlights the importance of community-based adaptation strategies to mitigate the impact of flooding and pollution.",Flood Risk Assessment and Management
Jakarta,2454,2461,GPE,spacy,W4402718755,Non-point source pollution from urban runoff contributes to the severity of flooding in Jakarta.,"Because of its low-lying location, urbanization, and inadequate infrastructure, Jakarta (Indonesia) has experienced an increase in annual flooding events, rising from an average of five significant floods per year in the 1990s to over 20 annually (2010-2020). With climate change exacerbating extreme weather events, Jakarta encounters escalating risks of flooding. Although the recurrent flooding is exacerbated by non-point source (NPS) of pollution such as urban runoff and agricultural discharge that contribute to 40% of total pollutants leading to flood-related issues in Jakarta, none has investigated this research gap. To reflect its novelty, this work explores the implications of climate change on the annual flooding in Jakarta by focusing on NPS and analyzes their impacts from social perspectives. This work also underscores the implications of flooding on livelihoods, health, and social cohesion in Jakarta. Focus group discussion with affected residents was used to shed light on the coping strategies employed in response to recurrent floods, ranging from community-based initiatives to reliance on informal networks. The empirical findings show that the implications of flooding extend beyond physical damages. Displacement of communities, loss of livelihoods, disruption of essential services, and increased health risks are among the social impacts experienced by local residents. Vulnerable populations, including low-income communities residing in informal settlements, bear their consequences. Economic losses from flooding amount to USD 500 million annually, impacting over 1 million residents. However, recent interventions have led to a 15% reduction in peak flood levels and a 20% reduction in flood duration in affected areas. Community resilience has also improved, with a 25% increase in flood insurance coverage and a 20% rise in community response initiatives. Overall, this study highlights that climate change exacerbates annual flooding in Jakarta, significantly impacting vulnerable communities through NPS pollution. Addressing the challenges requires integrated approaches combining effective pollution control, resilient infrastructure, and community engagement to mitigate social and long-term environmental impacts. PRACTITIONER POINTS: Climate-induced flooding disproportionately affects vulnerable communities in Jakarta. Non-point source pollution from urban runoff contributes to the severity of flooding in Jakarta. Waterborne diseases, disruption of livelihoods, and reduced access to clean water are major concerns identified in the study. The study highlights the importance of community-based adaptation strategies to mitigate the impact of flooding and pollution.",Flood Risk Assessment and Management
Eastern Algeria,0,15,LOC,spacy,W4405514784,"Eastern Algeria, the wettest region of the country, has experienced a vast program of dam construction, distributed across basins marked by strong physio-climatic disparities.","Eastern Algeria, the wettest region of the country, has experienced a vast program of dam construction, distributed across basins marked by strong physio-climatic disparities. The hydrological functioning studied through the use of data from the regulation balance sheet for the period from September 1990 to August 2013, concerned a sample of 10 dams (capacity varying from 3 to 200 hm³) whose year of impoundment varies from 1939 to 1987. The results of the statistical and spectral analysis applied to two main terms of the water balance (inputs and rainfalls) indicate a strong relationship between the studied parameters, reflecting a net increase in dry years from September 1990 to August 2002, with a return of wet years from the year 2003, however, interrupted by other very dry years like that of 2007/2008. The outflows (outputs) of the dams reflect considerable water losses in the form of evaporation and also in the form of leaks on karstic sites. However, it is the flood phenomena that are at the origin of remarkable overflows and bottom outlets. In addition to these losses, there are significant variations in the regulated volume of dams, particularly in semi-arid zones and during periods of drought, particularly.",Flood Risk Assessment and Management
the Samangan Province,369,390,GPE,spacy,W4394752936,This research employs a combination of artificial neural networks and geographic information systems (GIS) to simulate flood-vulnerable locations in the Samangan Province of Afghanistan.,"Flood events are the most sophisticated and damaging natural hazard compared to other natural catastrophes. Every year, this hazard causes human-financial losses and damage to croplands in different locations worldwide. This research employs a combination of artificial neural networks and geographic information systems (GIS) to simulate flood-vulnerable locations in the Samangan Province of Afghanistan. First, flood-influencing factors, such as soil, slope layer, elevation, flow direction, and land use/cover, were evaluated as influential factors in simulating flood-prone areas. These factors were imported into GIS software. The Fishnet command was used to partition the information layers. Furthermore, each layer was converted into points, and this data was fed into the perceptron neural network along with the educational data obtained from Google Earth. In the perceptron neural network, the input layers have five neurons and 16 nodes, and the outputs showed that elevation had the lowest possible weight (R2 = 0.713) and flow direction had the highest weight (R2 = 0.913). This study demonstrated that combining GIS and artificial neural networks results in acceptable performance for simulating and modeling flood susceptible areas in different geographical locations and significantly helps prevent or reduce flood hazards.",Flood Risk Assessment and Management
Afghanistan,394,405,GPE,spacy,W4394752936,This research employs a combination of artificial neural networks and geographic information systems (GIS) to simulate flood-vulnerable locations in the Samangan Province of Afghanistan.,"Flood events are the most sophisticated and damaging natural hazard compared to other natural catastrophes. Every year, this hazard causes human-financial losses and damage to croplands in different locations worldwide. This research employs a combination of artificial neural networks and geographic information systems (GIS) to simulate flood-vulnerable locations in the Samangan Province of Afghanistan. First, flood-influencing factors, such as soil, slope layer, elevation, flow direction, and land use/cover, were evaluated as influential factors in simulating flood-prone areas. These factors were imported into GIS software. The Fishnet command was used to partition the information layers. Furthermore, each layer was converted into points, and this data was fed into the perceptron neural network along with the educational data obtained from Google Earth. In the perceptron neural network, the input layers have five neurons and 16 nodes, and the outputs showed that elevation had the lowest possible weight (R2 = 0.713) and flow direction had the highest weight (R2 = 0.913). This study demonstrated that combining GIS and artificial neural networks results in acceptable performance for simulating and modeling flood susceptible areas in different geographical locations and significantly helps prevent or reduce flood hazards.",Flood Risk Assessment and Management
Google Earth,853,865,LOC,spacy,W4394752936,"Furthermore, each layer was converted into points, and this data was fed into the perceptron neural network along with the educational data obtained from Google Earth.","Flood events are the most sophisticated and damaging natural hazard compared to other natural catastrophes. Every year, this hazard causes human-financial losses and damage to croplands in different locations worldwide. This research employs a combination of artificial neural networks and geographic information systems (GIS) to simulate flood-vulnerable locations in the Samangan Province of Afghanistan. First, flood-influencing factors, such as soil, slope layer, elevation, flow direction, and land use/cover, were evaluated as influential factors in simulating flood-prone areas. These factors were imported into GIS software. The Fishnet command was used to partition the information layers. Furthermore, each layer was converted into points, and this data was fed into the perceptron neural network along with the educational data obtained from Google Earth. In the perceptron neural network, the input layers have five neurons and 16 nodes, and the outputs showed that elevation had the lowest possible weight (R2 = 0.713) and flow direction had the highest weight (R2 = 0.913). This study demonstrated that combining GIS and artificial neural networks results in acceptable performance for simulating and modeling flood susceptible areas in different geographical locations and significantly helps prevent or reduce flood hazards.",Flood Risk Assessment and Management
the Greater Bay Area,612,632,LOC,spacy,W4400771583,"In this study, a framework to evaluate the correlation between LULC changes and flooding extents is proposed, mainly comprising: 1) classifying remote sensing time series, using different sources but adopting the same classifier, to obtain the LULC of the Greater Bay Area, China, over a one decade period; 2) designing flooding scenarios with different rainfall intensities, and using the soil conservation service curve number (SCS-CN) model and local equal volume method to extract the inundation extent of urban flooding; and 3) analyzing the influence of different data sources on flood simulation results, and calculating the correlations between LULC and inundation area over the decade to analyze the impact of LULC changes on urban flooding.","Urban flooding caused by heavy rainfall is a common natural hazard in cities globally. Impervious surfaces are often increased during urban development, but there is limited research on the impact of large-scale and long-term land use/land cover (LULC) changes on urban flooding, while considering the influence of using different remote sensing data sources. In this study, a framework to evaluate the correlation between LULC changes and flooding extents is proposed, mainly comprising: 1) classifying remote sensing time series, using different sources but adopting the same classifier, to obtain the LULC of the Greater Bay Area, China, over a one decade period; 2) designing flooding scenarios with different rainfall intensities, and using the soil conservation service curve number (SCS-CN) model and local equal volume method to extract the inundation extent of urban flooding; and 3) analyzing the influence of different data sources on flood simulation results, and calculating the correlations between LULC and inundation area over the decade to analyze the impact of LULC changes on urban flooding. The resulting correlation coefficients of water and built-up land are 0.93 and 0.42, and those of bare land, grassland, orchard, and forest are −0.40, −0.61, −0.57, and −0.75, respectively. The inundation derived by Sentinel and Landsat data showed around 99% consistency, while Landsat tends to derive more inundation areas, with the differences mainly scattered in flat areas.",Flood Risk Assessment and Management
China,634,639,GPE,spacy,W4400771583,"In this study, a framework to evaluate the correlation between LULC changes and flooding extents is proposed, mainly comprising: 1) classifying remote sensing time series, using different sources but adopting the same classifier, to obtain the LULC of the Greater Bay Area, China, over a one decade period; 2) designing flooding scenarios with different rainfall intensities, and using the soil conservation service curve number (SCS-CN) model and local equal volume method to extract the inundation extent of urban flooding; and 3) analyzing the influence of different data sources on flood simulation results, and calculating the correlations between LULC and inundation area over the decade to analyze the impact of LULC changes on urban flooding.","Urban flooding caused by heavy rainfall is a common natural hazard in cities globally. Impervious surfaces are often increased during urban development, but there is limited research on the impact of large-scale and long-term land use/land cover (LULC) changes on urban flooding, while considering the influence of using different remote sensing data sources. In this study, a framework to evaluate the correlation between LULC changes and flooding extents is proposed, mainly comprising: 1) classifying remote sensing time series, using different sources but adopting the same classifier, to obtain the LULC of the Greater Bay Area, China, over a one decade period; 2) designing flooding scenarios with different rainfall intensities, and using the soil conservation service curve number (SCS-CN) model and local equal volume method to extract the inundation extent of urban flooding; and 3) analyzing the influence of different data sources on flood simulation results, and calculating the correlations between LULC and inundation area over the decade to analyze the impact of LULC changes on urban flooding. The resulting correlation coefficients of water and built-up land are 0.93 and 0.42, and those of bare land, grassland, orchard, and forest are −0.40, −0.61, −0.57, and −0.75, respectively. The inundation derived by Sentinel and Landsat data showed around 99% consistency, while Landsat tends to derive more inundation areas, with the differences mainly scattered in flat areas.",Flood Risk Assessment and Management
−0.40,1255,1260,GPE,spacy,W4400771583,"The resulting correlation coefficients of water and built-up land are 0.93 and 0.42, and those of bare land, grassland, orchard, and forest are −0.40, −0.61, −0.57, and −0.75, respectively.","Urban flooding caused by heavy rainfall is a common natural hazard in cities globally. Impervious surfaces are often increased during urban development, but there is limited research on the impact of large-scale and long-term land use/land cover (LULC) changes on urban flooding, while considering the influence of using different remote sensing data sources. In this study, a framework to evaluate the correlation between LULC changes and flooding extents is proposed, mainly comprising: 1) classifying remote sensing time series, using different sources but adopting the same classifier, to obtain the LULC of the Greater Bay Area, China, over a one decade period; 2) designing flooding scenarios with different rainfall intensities, and using the soil conservation service curve number (SCS-CN) model and local equal volume method to extract the inundation extent of urban flooding; and 3) analyzing the influence of different data sources on flood simulation results, and calculating the correlations between LULC and inundation area over the decade to analyze the impact of LULC changes on urban flooding. The resulting correlation coefficients of water and built-up land are 0.93 and 0.42, and those of bare land, grassland, orchard, and forest are −0.40, −0.61, −0.57, and −0.75, respectively. The inundation derived by Sentinel and Landsat data showed around 99% consistency, while Landsat tends to derive more inundation areas, with the differences mainly scattered in flat areas.",Flood Risk Assessment and Management
Mekong,86,92,GPE,spacy,W4405480587,"Asian megadeltas, specifically the Ganges‐Brahmaputra‐Meghna, Irrawaddy, Chao Phraya, Mekong, and Red River deltas host half of the world's deltaic population and are vital for Asian countries' ecosystems and food production.","Asian megadeltas, specifically the Ganges‐Brahmaputra‐Meghna, Irrawaddy, Chao Phraya, Mekong, and Red River deltas host half of the world's deltaic population and are vital for Asian countries' ecosystems and food production. These deltas are extremely vulnerable to global change. Accelerating relative sea‐level rise, combined with rapid socio‐economic development intensifies these vulnerabilities and calls for a comprehensive understanding of current and future coastal flood dynamics. Here we provide a state‐of‐the‐art on the current knowledge and recent advances in quantifying and understanding the drivers of coastal flood‐related hazards in these deltas. We discuss the environmental and physical drivers, including climate influence, hydrology, oceanography, geomorphology, and geophysical processes and how they interact from short to long‐term changes, including during extreme events. We also jointly examine how human disturbances, with catchment interventions, land use changes and resource exploitations, contribute to coastal flooding in the deltas. Through a systems perspective, we characterize the current state of the deltaic systems and provide essential insights for shaping their sustainable future trajectories regarding the multifaceted challenges of coastal flooding.",Coastal and Marine Dynamics
Red River,98,107,LOC,spacy,W4405480587,"Asian megadeltas, specifically the Ganges‐Brahmaputra‐Meghna, Irrawaddy, Chao Phraya, Mekong, and Red River deltas host half of the world's deltaic population and are vital for Asian countries' ecosystems and food production.","Asian megadeltas, specifically the Ganges‐Brahmaputra‐Meghna, Irrawaddy, Chao Phraya, Mekong, and Red River deltas host half of the world's deltaic population and are vital for Asian countries' ecosystems and food production. These deltas are extremely vulnerable to global change. Accelerating relative sea‐level rise, combined with rapid socio‐economic development intensifies these vulnerabilities and calls for a comprehensive understanding of current and future coastal flood dynamics. Here we provide a state‐of‐the‐art on the current knowledge and recent advances in quantifying and understanding the drivers of coastal flood‐related hazards in these deltas. We discuss the environmental and physical drivers, including climate influence, hydrology, oceanography, geomorphology, and geophysical processes and how they interact from short to long‐term changes, including during extreme events. We also jointly examine how human disturbances, with catchment interventions, land use changes and resource exploitations, contribute to coastal flooding in the deltas. Through a systems perspective, we characterize the current state of the deltaic systems and provide essential insights for shaping their sustainable future trajectories regarding the multifaceted challenges of coastal flooding.",Coastal and Marine Dynamics
the Shillong Plateau,348,368,LOC,spacy,W4400799320,"This study presents a new set of geochemical and mineralogical data on mafic magmatic rocks from the Sylhet Trap of the Shillong Plateau, northeast India.","Mantle plumes related to Large Igneous Provinces have been linked to continental break‐up and validated by the outpouring of mafic‐ultramafic magmas that range from continental flood basalt magmatism to submarine plateau volcanism. This study presents a new set of geochemical and mineralogical data on mafic magmatic rocks from the Sylhet Trap of the Shillong Plateau, northeast India. The investigated mafic rocks (basalt and dolerite) are predominantly sub‐alkaline‐tholeiitic, composed of bytownite+labradorite and diopside+augite, with ophitic to sub‐ophitic and glomeroporphyritic textures, the dark interstitial region of much finer grains consisting of opaque minerals and devitrified glass. The mafic rocks of Sylhet Trap show light rare earth elements enrichment with (La/Yb) N ratio (1.92–2.86) and (La/Sm) N ratio (1.11–1.40), an almost flat pattern of heavy rare earth elements along with mild europium anomalies (Eu/Eu*= 0.94–1.11). Trace element characteristics suggest their affinity towards enriched mid‐oceanic ridge basalt and generated from low degree of partial melting of spinel source with minor involvement of crustal contamination. The similarity in geochemical characteristics of the investigated mafic rocks with the magmatism of Rajmahal Traps, eastern Peninsular India, Abor Volcanics, eastern Himalaya, along with Bunbury Basalt of western Australia and Cona Mafic exposed in southeastern Tibet, suggests their genetic linkage with mantle plume activities. Thus, we argue that the magmatic event of the Sylhet Trap is related to the Kerguelen mantle plume activity that played a significant role in the fragmentation of eastern Gondwana during the Lower Cretaceous period, giving rise to Greater India, Antarctica and northwest Australia.",Geological and Geochemical Analysis
India,380,385,GPE,spacy,W4400799320,"This study presents a new set of geochemical and mineralogical data on mafic magmatic rocks from the Sylhet Trap of the Shillong Plateau, northeast India.","Mantle plumes related to Large Igneous Provinces have been linked to continental break‐up and validated by the outpouring of mafic‐ultramafic magmas that range from continental flood basalt magmatism to submarine plateau volcanism. This study presents a new set of geochemical and mineralogical data on mafic magmatic rocks from the Sylhet Trap of the Shillong Plateau, northeast India. The investigated mafic rocks (basalt and dolerite) are predominantly sub‐alkaline‐tholeiitic, composed of bytownite+labradorite and diopside+augite, with ophitic to sub‐ophitic and glomeroporphyritic textures, the dark interstitial region of much finer grains consisting of opaque minerals and devitrified glass. The mafic rocks of Sylhet Trap show light rare earth elements enrichment with (La/Yb) N ratio (1.92–2.86) and (La/Sm) N ratio (1.11–1.40), an almost flat pattern of heavy rare earth elements along with mild europium anomalies (Eu/Eu*= 0.94–1.11). Trace element characteristics suggest their affinity towards enriched mid‐oceanic ridge basalt and generated from low degree of partial melting of spinel source with minor involvement of crustal contamination. The similarity in geochemical characteristics of the investigated mafic rocks with the magmatism of Rajmahal Traps, eastern Peninsular India, Abor Volcanics, eastern Himalaya, along with Bunbury Basalt of western Australia and Cona Mafic exposed in southeastern Tibet, suggests their genetic linkage with mantle plume activities. Thus, we argue that the magmatic event of the Sylhet Trap is related to the Kerguelen mantle plume activity that played a significant role in the fragmentation of eastern Gondwana during the Lower Cretaceous period, giving rise to Greater India, Antarctica and northwest Australia.",Geological and Geochemical Analysis
Peninsular,1281,1291,GPE,spacy,W4400799320,"The similarity in geochemical characteristics of the investigated mafic rocks with the magmatism of Rajmahal Traps, eastern Peninsular India, Abor Volcanics, eastern Himalaya, along with Bunbury Basalt of western Australia and Cona Mafic exposed in southeastern Tibet, suggests their genetic linkage with mantle plume activities.","Mantle plumes related to Large Igneous Provinces have been linked to continental break‐up and validated by the outpouring of mafic‐ultramafic magmas that range from continental flood basalt magmatism to submarine plateau volcanism. This study presents a new set of geochemical and mineralogical data on mafic magmatic rocks from the Sylhet Trap of the Shillong Plateau, northeast India. The investigated mafic rocks (basalt and dolerite) are predominantly sub‐alkaline‐tholeiitic, composed of bytownite+labradorite and diopside+augite, with ophitic to sub‐ophitic and glomeroporphyritic textures, the dark interstitial region of much finer grains consisting of opaque minerals and devitrified glass. The mafic rocks of Sylhet Trap show light rare earth elements enrichment with (La/Yb) N ratio (1.92–2.86) and (La/Sm) N ratio (1.11–1.40), an almost flat pattern of heavy rare earth elements along with mild europium anomalies (Eu/Eu*= 0.94–1.11). Trace element characteristics suggest their affinity towards enriched mid‐oceanic ridge basalt and generated from low degree of partial melting of spinel source with minor involvement of crustal contamination. The similarity in geochemical characteristics of the investigated mafic rocks with the magmatism of Rajmahal Traps, eastern Peninsular India, Abor Volcanics, eastern Himalaya, along with Bunbury Basalt of western Australia and Cona Mafic exposed in southeastern Tibet, suggests their genetic linkage with mantle plume activities. Thus, we argue that the magmatic event of the Sylhet Trap is related to the Kerguelen mantle plume activity that played a significant role in the fragmentation of eastern Gondwana during the Lower Cretaceous period, giving rise to Greater India, Antarctica and northwest Australia.",Geological and Geochemical Analysis
India,1292,1297,GPE,spacy,W4400799320,"The similarity in geochemical characteristics of the investigated mafic rocks with the magmatism of Rajmahal Traps, eastern Peninsular India, Abor Volcanics, eastern Himalaya, along with Bunbury Basalt of western Australia and Cona Mafic exposed in southeastern Tibet, suggests their genetic linkage with mantle plume activities.","Mantle plumes related to Large Igneous Provinces have been linked to continental break‐up and validated by the outpouring of mafic‐ultramafic magmas that range from continental flood basalt magmatism to submarine plateau volcanism. This study presents a new set of geochemical and mineralogical data on mafic magmatic rocks from the Sylhet Trap of the Shillong Plateau, northeast India. The investigated mafic rocks (basalt and dolerite) are predominantly sub‐alkaline‐tholeiitic, composed of bytownite+labradorite and diopside+augite, with ophitic to sub‐ophitic and glomeroporphyritic textures, the dark interstitial region of much finer grains consisting of opaque minerals and devitrified glass. The mafic rocks of Sylhet Trap show light rare earth elements enrichment with (La/Yb) N ratio (1.92–2.86) and (La/Sm) N ratio (1.11–1.40), an almost flat pattern of heavy rare earth elements along with mild europium anomalies (Eu/Eu*= 0.94–1.11). Trace element characteristics suggest their affinity towards enriched mid‐oceanic ridge basalt and generated from low degree of partial melting of spinel source with minor involvement of crustal contamination. The similarity in geochemical characteristics of the investigated mafic rocks with the magmatism of Rajmahal Traps, eastern Peninsular India, Abor Volcanics, eastern Himalaya, along with Bunbury Basalt of western Australia and Cona Mafic exposed in southeastern Tibet, suggests their genetic linkage with mantle plume activities. Thus, we argue that the magmatic event of the Sylhet Trap is related to the Kerguelen mantle plume activity that played a significant role in the fragmentation of eastern Gondwana during the Lower Cretaceous period, giving rise to Greater India, Antarctica and northwest Australia.",Geological and Geochemical Analysis
Australia,1370,1379,GPE,spacy,W4400799320,"The similarity in geochemical characteristics of the investigated mafic rocks with the magmatism of Rajmahal Traps, eastern Peninsular India, Abor Volcanics, eastern Himalaya, along with Bunbury Basalt of western Australia and Cona Mafic exposed in southeastern Tibet, suggests their genetic linkage with mantle plume activities.","Mantle plumes related to Large Igneous Provinces have been linked to continental break‐up and validated by the outpouring of mafic‐ultramafic magmas that range from continental flood basalt magmatism to submarine plateau volcanism. This study presents a new set of geochemical and mineralogical data on mafic magmatic rocks from the Sylhet Trap of the Shillong Plateau, northeast India. The investigated mafic rocks (basalt and dolerite) are predominantly sub‐alkaline‐tholeiitic, composed of bytownite+labradorite and diopside+augite, with ophitic to sub‐ophitic and glomeroporphyritic textures, the dark interstitial region of much finer grains consisting of opaque minerals and devitrified glass. The mafic rocks of Sylhet Trap show light rare earth elements enrichment with (La/Yb) N ratio (1.92–2.86) and (La/Sm) N ratio (1.11–1.40), an almost flat pattern of heavy rare earth elements along with mild europium anomalies (Eu/Eu*= 0.94–1.11). Trace element characteristics suggest their affinity towards enriched mid‐oceanic ridge basalt and generated from low degree of partial melting of spinel source with minor involvement of crustal contamination. The similarity in geochemical characteristics of the investigated mafic rocks with the magmatism of Rajmahal Traps, eastern Peninsular India, Abor Volcanics, eastern Himalaya, along with Bunbury Basalt of western Australia and Cona Mafic exposed in southeastern Tibet, suggests their genetic linkage with mantle plume activities. Thus, we argue that the magmatic event of the Sylhet Trap is related to the Kerguelen mantle plume activity that played a significant role in the fragmentation of eastern Gondwana during the Lower Cretaceous period, giving rise to Greater India, Antarctica and northwest Australia.",Geological and Geochemical Analysis
Tibet,1419,1424,GPE,spacy,W4400799320,"The similarity in geochemical characteristics of the investigated mafic rocks with the magmatism of Rajmahal Traps, eastern Peninsular India, Abor Volcanics, eastern Himalaya, along with Bunbury Basalt of western Australia and Cona Mafic exposed in southeastern Tibet, suggests their genetic linkage with mantle plume activities.","Mantle plumes related to Large Igneous Provinces have been linked to continental break‐up and validated by the outpouring of mafic‐ultramafic magmas that range from continental flood basalt magmatism to submarine plateau volcanism. This study presents a new set of geochemical and mineralogical data on mafic magmatic rocks from the Sylhet Trap of the Shillong Plateau, northeast India. The investigated mafic rocks (basalt and dolerite) are predominantly sub‐alkaline‐tholeiitic, composed of bytownite+labradorite and diopside+augite, with ophitic to sub‐ophitic and glomeroporphyritic textures, the dark interstitial region of much finer grains consisting of opaque minerals and devitrified glass. The mafic rocks of Sylhet Trap show light rare earth elements enrichment with (La/Yb) N ratio (1.92–2.86) and (La/Sm) N ratio (1.11–1.40), an almost flat pattern of heavy rare earth elements along with mild europium anomalies (Eu/Eu*= 0.94–1.11). Trace element characteristics suggest their affinity towards enriched mid‐oceanic ridge basalt and generated from low degree of partial melting of spinel source with minor involvement of crustal contamination. The similarity in geochemical characteristics of the investigated mafic rocks with the magmatism of Rajmahal Traps, eastern Peninsular India, Abor Volcanics, eastern Himalaya, along with Bunbury Basalt of western Australia and Cona Mafic exposed in southeastern Tibet, suggests their genetic linkage with mantle plume activities. Thus, we argue that the magmatic event of the Sylhet Trap is related to the Kerguelen mantle plume activity that played a significant role in the fragmentation of eastern Gondwana during the Lower Cretaceous period, giving rise to Greater India, Antarctica and northwest Australia.",Geological and Geochemical Analysis
Antarctica,1733,1743,LOC,spacy,W4400799320,"Thus, we argue that the magmatic event of the Sylhet Trap is related to the Kerguelen mantle plume activity that played a significant role in the fragmentation of eastern Gondwana during the Lower Cretaceous period, giving rise to Greater India, Antarctica and northwest Australia.","Mantle plumes related to Large Igneous Provinces have been linked to continental break‐up and validated by the outpouring of mafic‐ultramafic magmas that range from continental flood basalt magmatism to submarine plateau volcanism. This study presents a new set of geochemical and mineralogical data on mafic magmatic rocks from the Sylhet Trap of the Shillong Plateau, northeast India. The investigated mafic rocks (basalt and dolerite) are predominantly sub‐alkaline‐tholeiitic, composed of bytownite+labradorite and diopside+augite, with ophitic to sub‐ophitic and glomeroporphyritic textures, the dark interstitial region of much finer grains consisting of opaque minerals and devitrified glass. The mafic rocks of Sylhet Trap show light rare earth elements enrichment with (La/Yb) N ratio (1.92–2.86) and (La/Sm) N ratio (1.11–1.40), an almost flat pattern of heavy rare earth elements along with mild europium anomalies (Eu/Eu*= 0.94–1.11). Trace element characteristics suggest their affinity towards enriched mid‐oceanic ridge basalt and generated from low degree of partial melting of spinel source with minor involvement of crustal contamination. The similarity in geochemical characteristics of the investigated mafic rocks with the magmatism of Rajmahal Traps, eastern Peninsular India, Abor Volcanics, eastern Himalaya, along with Bunbury Basalt of western Australia and Cona Mafic exposed in southeastern Tibet, suggests their genetic linkage with mantle plume activities. Thus, we argue that the magmatic event of the Sylhet Trap is related to the Kerguelen mantle plume activity that played a significant role in the fragmentation of eastern Gondwana during the Lower Cretaceous period, giving rise to Greater India, Antarctica and northwest Australia.",Geological and Geochemical Analysis
Australia,1758,1767,GPE,spacy,W4400799320,"Thus, we argue that the magmatic event of the Sylhet Trap is related to the Kerguelen mantle plume activity that played a significant role in the fragmentation of eastern Gondwana during the Lower Cretaceous period, giving rise to Greater India, Antarctica and northwest Australia.","Mantle plumes related to Large Igneous Provinces have been linked to continental break‐up and validated by the outpouring of mafic‐ultramafic magmas that range from continental flood basalt magmatism to submarine plateau volcanism. This study presents a new set of geochemical and mineralogical data on mafic magmatic rocks from the Sylhet Trap of the Shillong Plateau, northeast India. The investigated mafic rocks (basalt and dolerite) are predominantly sub‐alkaline‐tholeiitic, composed of bytownite+labradorite and diopside+augite, with ophitic to sub‐ophitic and glomeroporphyritic textures, the dark interstitial region of much finer grains consisting of opaque minerals and devitrified glass. The mafic rocks of Sylhet Trap show light rare earth elements enrichment with (La/Yb) N ratio (1.92–2.86) and (La/Sm) N ratio (1.11–1.40), an almost flat pattern of heavy rare earth elements along with mild europium anomalies (Eu/Eu*= 0.94–1.11). Trace element characteristics suggest their affinity towards enriched mid‐oceanic ridge basalt and generated from low degree of partial melting of spinel source with minor involvement of crustal contamination. The similarity in geochemical characteristics of the investigated mafic rocks with the magmatism of Rajmahal Traps, eastern Peninsular India, Abor Volcanics, eastern Himalaya, along with Bunbury Basalt of western Australia and Cona Mafic exposed in southeastern Tibet, suggests their genetic linkage with mantle plume activities. Thus, we argue that the magmatic event of the Sylhet Trap is related to the Kerguelen mantle plume activity that played a significant role in the fragmentation of eastern Gondwana during the Lower Cretaceous period, giving rise to Greater India, Antarctica and northwest Australia.",Geological and Geochemical Analysis
Vaigai River Basin,288,306,LOC,spacy,W4390685885,"This paper examined the possible influence of tectonism and climate on six habitations of the ancient Vaigai River Basin civilization in South India, using multiple proxies such as grain size, geochronology and geochemistry of the sedimentary archives.","The establishment, development and abandonment and/or destruction of ancient civilizations were catalytically controlled by geomorphic features such as lakes and rivers and the climate. This paper examined the possible influence of tectonism and climate on six habitations of the ancient Vaigai River Basin civilization in South India, using multiple proxies such as grain size, geochronology and geochemistry of the sedimentary archives. The tectonic setting of the basin changed between the active margin and passive margin; the discriminant diagrams suggested varying provenance and changing climatic conditions over the mid‐ and‐late Holocene. Tectonic activism and quiescence, base‐level change in the channel morphology led to the burial/marooning of the first habitation surface. Overall, arid conditions were punctuated with catastrophic flooding and peak discharge (flood) destroyed the second, third and fourth habitation sites. These flooding events were characterized by moderate weathering (CIA) and high values of Al, Fe and Rb/Sr and low Ca/Mg in the sediment records. The abandonment/destruction of the fifth habitation also occurred during an arid interval (droughts), possibly caused by weak monsoon. Along with the interactions between tectono‐climatic and fluvial geomorphic factors, the new results provided avenues to (a) check and recognize the archives for 8.2 and 4.2 ka‐like events in this part of the world, and (b) the utility of integrated analyses to constrain on the civilizational histories of the mankind.",Geology and Paleoclimatology Research
South India,323,334,LOC,spacy,W4390685885,"This paper examined the possible influence of tectonism and climate on six habitations of the ancient Vaigai River Basin civilization in South India, using multiple proxies such as grain size, geochronology and geochemistry of the sedimentary archives.","The establishment, development and abandonment and/or destruction of ancient civilizations were catalytically controlled by geomorphic features such as lakes and rivers and the climate. This paper examined the possible influence of tectonism and climate on six habitations of the ancient Vaigai River Basin civilization in South India, using multiple proxies such as grain size, geochronology and geochemistry of the sedimentary archives. The tectonic setting of the basin changed between the active margin and passive margin; the discriminant diagrams suggested varying provenance and changing climatic conditions over the mid‐ and‐late Holocene. Tectonic activism and quiescence, base‐level change in the channel morphology led to the burial/marooning of the first habitation surface. Overall, arid conditions were punctuated with catastrophic flooding and peak discharge (flood) destroyed the second, third and fourth habitation sites. These flooding events were characterized by moderate weathering (CIA) and high values of Al, Fe and Rb/Sr and low Ca/Mg in the sediment records. The abandonment/destruction of the fifth habitation also occurred during an arid interval (droughts), possibly caused by weak monsoon. Along with the interactions between tectono‐climatic and fluvial geomorphic factors, the new results provided avenues to (a) check and recognize the archives for 8.2 and 4.2 ka‐like events in this part of the world, and (b) the utility of integrated analyses to constrain on the civilizational histories of the mankind.",Geology and Paleoclimatology Research
Shandong Province,190,207,GPE,spacy,W4395466834,"In this paper, 545 small watersheds in the hilly areas of Shandong Province were investigated, and 12 indicators representing their climate and subsurface characteristics were selected to identify communities based on hydrological similarity.","Clustering analysis of small watersheds is an effective tool for identifying the similarity of runoff generation and concentration. In this paper, 545 small watersheds in the hilly areas of Shandong Province were investigated, and 12 indicators representing their climate and subsurface characteristics were selected to identify communities based on hydrological similarity. We further analyzed the hydrological connections among the small watersheds within each community using three indicators (network mean, centrality, and k-core). Finally, the clustering results were evaluated on the basis of the small watershed flood peak modulus. The results of this complex network method indicate that the study area contained six large communities and nine small communities. The community-clustering results were reasonable and showed the interconnectedness of the watersheds within each community. The three network indicators adequately described the degree of similarity, the representativeness of the watersheds, and the spatial scales of similar hydrological features. This method should be helpful for addressing the issue of parameter transplantation in ungauged watersheds and implementation of a flood risk management strategy.",Blasting Impact and Analysis
Guanshan River Basin,17,37,LOC,spacy,W4396925855,"This study takes Guanshan River Basin, a typical inflow river of the Danjiangkou Reservoir, as the research area, and the nonpoint source (NPS) pollution characteristics of nitrogen and phosphorus from 2013 to 2018 were evaluated by establishing a Soil and Water Assessment Tool (SWAT) model.","This study takes Guanshan River Basin, a typical inflow river of the Danjiangkou Reservoir, as the research area, and the nonpoint source (NPS) pollution characteristics of nitrogen and phosphorus from 2013 to 2018 were evaluated by establishing a Soil and Water Assessment Tool (SWAT) model. The pollution characteristics of heavy metals were also evaluated by combining the SWAT and simple output coefficient method. The results show that the pollutant load in Guanshan River Basin contributes significantly to the Danjiangkou Reservoir. Temporally, pollutant loads were primarily concentrated in the flood season, which had a significant positive correlation with precipitation, water yield, and sediments in the abundant period. Among them, sediments were the most important driving factor, followed by water yield. Spatially, pollutant loads were mainly concentrated downstream of the basin, where cultivated land is widespread. In this regard, it is suggested that the input of chemical fertilizers, pesticides, and livestock manure in cultivated land should be controlled and soil erosion downstream of the basin should be prevented to mitigate nitrogen, phosphorus, and heavy metal pollution. This research offers a basis for the formulation and implementation of watershed management for the Danjiangkou Reservoir.",Soil and Water Nutrient Dynamics
Guanshan River Basin,463,483,LOC,spacy,W4396925855,The results show that the pollutant load in Guanshan River Basin contributes significantly to the Danjiangkou Reservoir.,"This study takes Guanshan River Basin, a typical inflow river of the Danjiangkou Reservoir, as the research area, and the nonpoint source (NPS) pollution characteristics of nitrogen and phosphorus from 2013 to 2018 were evaluated by establishing a Soil and Water Assessment Tool (SWAT) model. The pollution characteristics of heavy metals were also evaluated by combining the SWAT and simple output coefficient method. The results show that the pollutant load in Guanshan River Basin contributes significantly to the Danjiangkou Reservoir. Temporally, pollutant loads were primarily concentrated in the flood season, which had a significant positive correlation with precipitation, water yield, and sediments in the abundant period. Among them, sediments were the most important driving factor, followed by water yield. Spatially, pollutant loads were mainly concentrated downstream of the basin, where cultivated land is widespread. In this regard, it is suggested that the input of chemical fertilizers, pesticides, and livestock manure in cultivated land should be controlled and soil erosion downstream of the basin should be prevented to mitigate nitrogen, phosphorus, and heavy metal pollution. This research offers a basis for the formulation and implementation of watershed management for the Danjiangkou Reservoir.",Soil and Water Nutrient Dynamics
Germany,157,164,GPE,spacy,W4404641625,The article focuses explicitly on transformation and analyzes how it can be measured both quantitatively and qualitatively in a case study region in western Germany.,"The article focuses explicitly on transformation and analyzes how it can be measured both quantitatively and qualitatively in a case study region in western Germany. It addresses blue, critical, and green infrastructures in a region that was affected by the 2021 floods in Europe. Together with regional actors, co-creative solutions for developing adaptation strategies and infrastructure planning will be developed. Using and combining different conceptual models and applying them to the project region as well as to human infrastructure highlights the different types of change and transformation. This also shows the complexity of such an overall assessment, which needs to include a lot of diverse actors and disciplines. The project's first results are overviews of national and cross-regional changes to infrastructures and administrative structures after the 2021 floods in Germany and at the district level. The interim results reveal that more needs and plans exist than real, measurable transformations and that certain transformations stem from planning long before the floods in 2021. Maps and land use potentials are presented that provide overviews of regional differences in flood, drought, and wildfire exposure and capacities for nature-based solutions. Both the conceptual models developed in this study as well as the application examples could be useful for other researchers and administrative bodies to measure transformation to climate change and other stimuli.",Sustainability and Climate Change Governance
Europe,273,279,LOC,spacy,W4404641625,"It addresses blue, critical, and green infrastructures in a region that was affected by the 2021 floods in Europe.","The article focuses explicitly on transformation and analyzes how it can be measured both quantitatively and qualitatively in a case study region in western Germany. It addresses blue, critical, and green infrastructures in a region that was affected by the 2021 floods in Europe. Together with regional actors, co-creative solutions for developing adaptation strategies and infrastructure planning will be developed. Using and combining different conceptual models and applying them to the project region as well as to human infrastructure highlights the different types of change and transformation. This also shows the complexity of such an overall assessment, which needs to include a lot of diverse actors and disciplines. The project's first results are overviews of national and cross-regional changes to infrastructures and administrative structures after the 2021 floods in Germany and at the district level. The interim results reveal that more needs and plans exist than real, measurable transformations and that certain transformations stem from planning long before the floods in 2021. Maps and land use potentials are presented that provide overviews of regional differences in flood, drought, and wildfire exposure and capacities for nature-based solutions. Both the conceptual models developed in this study as well as the application examples could be useful for other researchers and administrative bodies to measure transformation to climate change and other stimuli.",Sustainability and Climate Change Governance
Germany,883,890,GPE,spacy,W4404641625,The project's first results are overviews of national and cross-regional changes to infrastructures and administrative structures after the 2021 floods in Germany and at the district level.,"The article focuses explicitly on transformation and analyzes how it can be measured both quantitatively and qualitatively in a case study region in western Germany. It addresses blue, critical, and green infrastructures in a region that was affected by the 2021 floods in Europe. Together with regional actors, co-creative solutions for developing adaptation strategies and infrastructure planning will be developed. Using and combining different conceptual models and applying them to the project region as well as to human infrastructure highlights the different types of change and transformation. This also shows the complexity of such an overall assessment, which needs to include a lot of diverse actors and disciplines. The project's first results are overviews of national and cross-regional changes to infrastructures and administrative structures after the 2021 floods in Germany and at the district level. The interim results reveal that more needs and plans exist than real, measurable transformations and that certain transformations stem from planning long before the floods in 2021. Maps and land use potentials are presented that provide overviews of regional differences in flood, drought, and wildfire exposure and capacities for nature-based solutions. Both the conceptual models developed in this study as well as the application examples could be useful for other researchers and administrative bodies to measure transformation to climate change and other stimuli.",Sustainability and Climate Change Governance
UK,1017,1019,GPE,spacy,W4405200617,"To address this, we utilize effect sizes and confidence intervals to analyse surface runoff and diffuse pollution data from a series of studies at five arable field sites, in the UK where surface runoff, sediment and phosphorus was collected from hillslope scale tramline plots utilizing the same methodology.","The use of tramlines or wheelings to carry out agricultural operations, such as spraying and fertilizer applications, is common across the world. They are often orientated up and down the slope and the soil that is driven on becomes compacted because of machinery weight transferring stress through the soil profile. This compaction leads to tramlines becoming conduits for water moving over the soil surface. Like water, sediment and phosphorus are also detached and transported. Reducing surface runoff and diffuse pollution losses from surface runoff associated with wheelings has received some research attention, but results are often difficult to interpret. This is because of the low number of replicates that are possible in agricultural landscapes, if the research is to be conducted at meaningful scales and to remain feasible. To address this, we utilize effect sizes and confidence intervals to analyse surface runoff and diffuse pollution data from a series of studies at five arable field sites, in the UK where surface runoff, sediment and phosphorus was collected from hillslope scale tramline plots utilizing the same methodology. In addition, we tested the impact of very flexible tyres, rotary harrows and a surface profiler roller on surface runoff and diffuse pollution loses. Although the monitoring period did not encompass widespread flood inducing storms, we demonstrate that the magnitude of the sediment and total phosphorus (TP) losses from the tramline plots across the study sites are significant in the UK context. Annual sediment losses from the study plots are in the order of 0.5–4.5 Mg ha −1 yr. −1 and consistent with the magnitudes of soil erosion in the UK. TP fluxes observed at the study plots, ranged between 0.8 and 3.9 kg ha −1 yr. −1 , are consistent with the TP losses reported for surface runoff from arable plots in the UK. By utilizing effect size analysis, we demonstrate the significant impact of tramline mitigation on surface runoff and diffuse pollution losses. The rotary harrow performed best overall, and the combination of the rotary harrow and the very flexible tyre was superior to all other methods. This was the case for all treatments apart from some, where the surface profiler performed well in reducing sediment fluxes. Our work supports the need for incorporating tramline management measures into soil management strategies for arable landscapes and provides evidence for policymakers developing measures for agri‐environmental schemes.",Soil Management and Crop Yield
UK,1534,1536,GPE,spacy,W4405200617,"Although the monitoring period did not encompass widespread flood inducing storms, we demonstrate that the magnitude of the sediment and total phosphorus (TP) losses from the tramline plots across the study sites are significant in the UK context.","The use of tramlines or wheelings to carry out agricultural operations, such as spraying and fertilizer applications, is common across the world. They are often orientated up and down the slope and the soil that is driven on becomes compacted because of machinery weight transferring stress through the soil profile. This compaction leads to tramlines becoming conduits for water moving over the soil surface. Like water, sediment and phosphorus are also detached and transported. Reducing surface runoff and diffuse pollution losses from surface runoff associated with wheelings has received some research attention, but results are often difficult to interpret. This is because of the low number of replicates that are possible in agricultural landscapes, if the research is to be conducted at meaningful scales and to remain feasible. To address this, we utilize effect sizes and confidence intervals to analyse surface runoff and diffuse pollution data from a series of studies at five arable field sites, in the UK where surface runoff, sediment and phosphorus was collected from hillslope scale tramline plots utilizing the same methodology. In addition, we tested the impact of very flexible tyres, rotary harrows and a surface profiler roller on surface runoff and diffuse pollution loses. Although the monitoring period did not encompass widespread flood inducing storms, we demonstrate that the magnitude of the sediment and total phosphorus (TP) losses from the tramline plots across the study sites are significant in the UK context. Annual sediment losses from the study plots are in the order of 0.5–4.5 Mg ha −1 yr. −1 and consistent with the magnitudes of soil erosion in the UK. TP fluxes observed at the study plots, ranged between 0.8 and 3.9 kg ha −1 yr. −1 , are consistent with the TP losses reported for surface runoff from arable plots in the UK. By utilizing effect size analysis, we demonstrate the significant impact of tramline mitigation on surface runoff and diffuse pollution losses. The rotary harrow performed best overall, and the combination of the rotary harrow and the very flexible tyre was superior to all other methods. This was the case for all treatments apart from some, where the surface profiler performed well in reducing sediment fluxes. Our work supports the need for incorporating tramline management measures into soil management strategies for arable landscapes and provides evidence for policymakers developing measures for agri‐environmental schemes.",Soil Management and Crop Yield
UK,1692,1694,GPE,spacy,W4405200617,−1 and consistent with the magnitudes of soil erosion in the UK.,"The use of tramlines or wheelings to carry out agricultural operations, such as spraying and fertilizer applications, is common across the world. They are often orientated up and down the slope and the soil that is driven on becomes compacted because of machinery weight transferring stress through the soil profile. This compaction leads to tramlines becoming conduits for water moving over the soil surface. Like water, sediment and phosphorus are also detached and transported. Reducing surface runoff and diffuse pollution losses from surface runoff associated with wheelings has received some research attention, but results are often difficult to interpret. This is because of the low number of replicates that are possible in agricultural landscapes, if the research is to be conducted at meaningful scales and to remain feasible. To address this, we utilize effect sizes and confidence intervals to analyse surface runoff and diffuse pollution data from a series of studies at five arable field sites, in the UK where surface runoff, sediment and phosphorus was collected from hillslope scale tramline plots utilizing the same methodology. In addition, we tested the impact of very flexible tyres, rotary harrows and a surface profiler roller on surface runoff and diffuse pollution loses. Although the monitoring period did not encompass widespread flood inducing storms, we demonstrate that the magnitude of the sediment and total phosphorus (TP) losses from the tramline plots across the study sites are significant in the UK context. Annual sediment losses from the study plots are in the order of 0.5–4.5 Mg ha −1 yr. −1 and consistent with the magnitudes of soil erosion in the UK. TP fluxes observed at the study plots, ranged between 0.8 and 3.9 kg ha −1 yr. −1 , are consistent with the TP losses reported for surface runoff from arable plots in the UK. By utilizing effect size analysis, we demonstrate the significant impact of tramline mitigation on surface runoff and diffuse pollution losses. The rotary harrow performed best overall, and the combination of the rotary harrow and the very flexible tyre was superior to all other methods. This was the case for all treatments apart from some, where the surface profiler performed well in reducing sediment fluxes. Our work supports the need for incorporating tramline management measures into soil management strategies for arable landscapes and provides evidence for policymakers developing measures for agri‐environmental schemes.",Soil Management and Crop Yield
UK,1867,1869,GPE,spacy,W4405200617,"−1 , are consistent with the TP losses reported for surface runoff from arable plots in the UK.","The use of tramlines or wheelings to carry out agricultural operations, such as spraying and fertilizer applications, is common across the world. They are often orientated up and down the slope and the soil that is driven on becomes compacted because of machinery weight transferring stress through the soil profile. This compaction leads to tramlines becoming conduits for water moving over the soil surface. Like water, sediment and phosphorus are also detached and transported. Reducing surface runoff and diffuse pollution losses from surface runoff associated with wheelings has received some research attention, but results are often difficult to interpret. This is because of the low number of replicates that are possible in agricultural landscapes, if the research is to be conducted at meaningful scales and to remain feasible. To address this, we utilize effect sizes and confidence intervals to analyse surface runoff and diffuse pollution data from a series of studies at five arable field sites, in the UK where surface runoff, sediment and phosphorus was collected from hillslope scale tramline plots utilizing the same methodology. In addition, we tested the impact of very flexible tyres, rotary harrows and a surface profiler roller on surface runoff and diffuse pollution loses. Although the monitoring period did not encompass widespread flood inducing storms, we demonstrate that the magnitude of the sediment and total phosphorus (TP) losses from the tramline plots across the study sites are significant in the UK context. Annual sediment losses from the study plots are in the order of 0.5–4.5 Mg ha −1 yr. −1 and consistent with the magnitudes of soil erosion in the UK. TP fluxes observed at the study plots, ranged between 0.8 and 3.9 kg ha −1 yr. −1 , are consistent with the TP losses reported for surface runoff from arable plots in the UK. By utilizing effect size analysis, we demonstrate the significant impact of tramline mitigation on surface runoff and diffuse pollution losses. The rotary harrow performed best overall, and the combination of the rotary harrow and the very flexible tyre was superior to all other methods. This was the case for all treatments apart from some, where the surface profiler performed well in reducing sediment fluxes. Our work supports the need for incorporating tramline management measures into soil management strategies for arable landscapes and provides evidence for policymakers developing measures for agri‐environmental schemes.",Soil Management and Crop Yield
Greater Accra,284,297,GPE,spacy,W4405887498,"The Densu River Basin, located in the Greater Accra region of Ghana, has experienced flooding incidents, partly attributed to changes in land use and land cover.","Accurate estimation of runoff depth and volume is essential for effective watershed management. Runoff, resulting from rainfall, is influenced by numerous factors, including soil type, vegetation, land use patterns, and rainfall characteristics. The Densu River Basin, located in the Greater Accra region of Ghana, has experienced flooding incidents, partly attributed to changes in land use and land cover. To address these challenges and facilitate proper flood management, drainage network design, hydropower generation, and other applications, this study aims to estimate surface runoff depth in the Densu River Basin, Ghana. The Natural Resources Conservation Services Curve Number (NRCS-CN) method, combined with Geographic Information System (GIS) and Remote Sensing (RS), is employed for runoff depth estimation. The research involves supervised classification of Landsat images from 2001, 2011, and 2022 to determine land use patterns, calculate grass cover percentages, identify hydrologic soil categories, extract rainfall intensity data, compute maximum soil storage, and estimate runoff depths for 10 year, 25 year, and 50 year return periods. The study reveals a significant increase in direct surface runoff depth, from 138.29 mm to 144.70 mm, for soil type D (Clay loam), the dominant soil type in the basin, during the 10 year return period, attributed to changes in land use and climate within the basin. The findings from this study hold valuable insights for mitigating environmental hazards in the area and improving water resource management.",Hydrology and Watershed Management Studies
Ghana,308,313,GPE,spacy,W4405887498,"The Densu River Basin, located in the Greater Accra region of Ghana, has experienced flooding incidents, partly attributed to changes in land use and land cover.","Accurate estimation of runoff depth and volume is essential for effective watershed management. Runoff, resulting from rainfall, is influenced by numerous factors, including soil type, vegetation, land use patterns, and rainfall characteristics. The Densu River Basin, located in the Greater Accra region of Ghana, has experienced flooding incidents, partly attributed to changes in land use and land cover. To address these challenges and facilitate proper flood management, drainage network design, hydropower generation, and other applications, this study aims to estimate surface runoff depth in the Densu River Basin, Ghana. The Natural Resources Conservation Services Curve Number (NRCS-CN) method, combined with Geographic Information System (GIS) and Remote Sensing (RS), is employed for runoff depth estimation. The research involves supervised classification of Landsat images from 2001, 2011, and 2022 to determine land use patterns, calculate grass cover percentages, identify hydrologic soil categories, extract rainfall intensity data, compute maximum soil storage, and estimate runoff depths for 10 year, 25 year, and 50 year return periods. The study reveals a significant increase in direct surface runoff depth, from 138.29 mm to 144.70 mm, for soil type D (Clay loam), the dominant soil type in the basin, during the 10 year return period, attributed to changes in land use and climate within the basin. The findings from this study hold valuable insights for mitigating environmental hazards in the area and improving water resource management.",Hydrology and Watershed Management Studies
the Densu River Basin,600,621,LOC,spacy,W4405887498,"To address these challenges and facilitate proper flood management, drainage network design, hydropower generation, and other applications, this study aims to estimate surface runoff depth in the Densu River Basin, Ghana.","Accurate estimation of runoff depth and volume is essential for effective watershed management. Runoff, resulting from rainfall, is influenced by numerous factors, including soil type, vegetation, land use patterns, and rainfall characteristics. The Densu River Basin, located in the Greater Accra region of Ghana, has experienced flooding incidents, partly attributed to changes in land use and land cover. To address these challenges and facilitate proper flood management, drainage network design, hydropower generation, and other applications, this study aims to estimate surface runoff depth in the Densu River Basin, Ghana. The Natural Resources Conservation Services Curve Number (NRCS-CN) method, combined with Geographic Information System (GIS) and Remote Sensing (RS), is employed for runoff depth estimation. The research involves supervised classification of Landsat images from 2001, 2011, and 2022 to determine land use patterns, calculate grass cover percentages, identify hydrologic soil categories, extract rainfall intensity data, compute maximum soil storage, and estimate runoff depths for 10 year, 25 year, and 50 year return periods. The study reveals a significant increase in direct surface runoff depth, from 138.29 mm to 144.70 mm, for soil type D (Clay loam), the dominant soil type in the basin, during the 10 year return period, attributed to changes in land use and climate within the basin. The findings from this study hold valuable insights for mitigating environmental hazards in the area and improving water resource management.",Hydrology and Watershed Management Studies
Ghana,623,628,GPE,spacy,W4405887498,"To address these challenges and facilitate proper flood management, drainage network design, hydropower generation, and other applications, this study aims to estimate surface runoff depth in the Densu River Basin, Ghana.","Accurate estimation of runoff depth and volume is essential for effective watershed management. Runoff, resulting from rainfall, is influenced by numerous factors, including soil type, vegetation, land use patterns, and rainfall characteristics. The Densu River Basin, located in the Greater Accra region of Ghana, has experienced flooding incidents, partly attributed to changes in land use and land cover. To address these challenges and facilitate proper flood management, drainage network design, hydropower generation, and other applications, this study aims to estimate surface runoff depth in the Densu River Basin, Ghana. The Natural Resources Conservation Services Curve Number (NRCS-CN) method, combined with Geographic Information System (GIS) and Remote Sensing (RS), is employed for runoff depth estimation. The research involves supervised classification of Landsat images from 2001, 2011, and 2022 to determine land use patterns, calculate grass cover percentages, identify hydrologic soil categories, extract rainfall intensity data, compute maximum soil storage, and estimate runoff depths for 10 year, 25 year, and 50 year return periods. The study reveals a significant increase in direct surface runoff depth, from 138.29 mm to 144.70 mm, for soil type D (Clay loam), the dominant soil type in the basin, during the 10 year return period, attributed to changes in land use and climate within the basin. The findings from this study hold valuable insights for mitigating environmental hazards in the area and improving water resource management.",Hydrology and Watershed Management Studies
the Yellow River,158,174,LOC,spacy,W4399310789,The northern section of the Yellow River (NSYR) experiences the most frequent water level fluctuations due to river ice.,"River ice monitoring plays a critical role in ice flood mitigation and control, hydrological research, and water resource regulation. The northern section of the Yellow River (NSYR) experiences the most frequent water level fluctuations due to river ice. However, accurate annual maps of river ice distribution are unavailable and their spatio-temporal changes in the NSYR are unknown. To address this issue, we developed an ice and water identification model. This model, based on Sentinel-1/2 images, leverages the River Ice Recognition Index (RDRI) and the unique spectral characteristics of the Yellow River ice, and achieves accurate monitoring of ice and water with the NSYR, attaining an accuracy of 94.61% and a kappa coefficient of 0.8013. We applied this model to extract the time series of river ice area in NSYR from November 2018 to March 2022. Our results confirm that temperature significantly influences the formation of river ice, which, in turn, has a regulatory effect on river runoff. As the temperature decreases in winter, the river ice area expands rapidly. River ice area and water level usually reach their peak in January. Overall, for every 1°C decrease in average temperature, the river ice area expands by 8.47%, the water level rises by 0.14m and the discharge decreases by 18.38 m³/s. The findings of this study offer substantial methodological reinforcement for the identification and monitoring of river ice, along with crucial support in the realms of ice flood mitigation, hydrological research, and water resource management.",Arctic and Antarctic ice dynamics
the River Ice Recognition Index,513,544,LOC,spacy,W4399310789,"This model, based on Sentinel-1/2 images, leverages the River Ice Recognition Index (RDRI) and the unique spectral characteristics of the Yellow River ice, and achieves accurate monitoring of ice and water with the NSYR, attaining an accuracy of 94.61% and a kappa coefficient of 0.8013.","River ice monitoring plays a critical role in ice flood mitigation and control, hydrological research, and water resource regulation. The northern section of the Yellow River (NSYR) experiences the most frequent water level fluctuations due to river ice. However, accurate annual maps of river ice distribution are unavailable and their spatio-temporal changes in the NSYR are unknown. To address this issue, we developed an ice and water identification model. This model, based on Sentinel-1/2 images, leverages the River Ice Recognition Index (RDRI) and the unique spectral characteristics of the Yellow River ice, and achieves accurate monitoring of ice and water with the NSYR, attaining an accuracy of 94.61% and a kappa coefficient of 0.8013. We applied this model to extract the time series of river ice area in NSYR from November 2018 to March 2022. Our results confirm that temperature significantly influences the formation of river ice, which, in turn, has a regulatory effect on river runoff. As the temperature decreases in winter, the river ice area expands rapidly. River ice area and water level usually reach their peak in January. Overall, for every 1°C decrease in average temperature, the river ice area expands by 8.47%, the water level rises by 0.14m and the discharge decreases by 18.38 m³/s. The findings of this study offer substantial methodological reinforcement for the identification and monitoring of river ice, along with crucial support in the realms of ice flood mitigation, hydrological research, and water resource management.",Arctic and Antarctic ice dynamics
Yellow River,599,611,LOC,spacy,W4399310789,"This model, based on Sentinel-1/2 images, leverages the River Ice Recognition Index (RDRI) and the unique spectral characteristics of the Yellow River ice, and achieves accurate monitoring of ice and water with the NSYR, attaining an accuracy of 94.61% and a kappa coefficient of 0.8013.","River ice monitoring plays a critical role in ice flood mitigation and control, hydrological research, and water resource regulation. The northern section of the Yellow River (NSYR) experiences the most frequent water level fluctuations due to river ice. However, accurate annual maps of river ice distribution are unavailable and their spatio-temporal changes in the NSYR are unknown. To address this issue, we developed an ice and water identification model. This model, based on Sentinel-1/2 images, leverages the River Ice Recognition Index (RDRI) and the unique spectral characteristics of the Yellow River ice, and achieves accurate monitoring of ice and water with the NSYR, attaining an accuracy of 94.61% and a kappa coefficient of 0.8013. We applied this model to extract the time series of river ice area in NSYR from November 2018 to March 2022. Our results confirm that temperature significantly influences the formation of river ice, which, in turn, has a regulatory effect on river runoff. As the temperature decreases in winter, the river ice area expands rapidly. River ice area and water level usually reach their peak in January. Overall, for every 1°C decrease in average temperature, the river ice area expands by 8.47%, the water level rises by 0.14m and the discharge decreases by 18.38 m³/s. The findings of this study offer substantial methodological reinforcement for the identification and monitoring of river ice, along with crucial support in the realms of ice flood mitigation, hydrological research, and water resource management.",Arctic and Antarctic ice dynamics
NSYR,819,823,GPE,spacy,W4399310789,We applied this model to extract the time series of river ice area in NSYR from November 2018 to March 2022.,"River ice monitoring plays a critical role in ice flood mitigation and control, hydrological research, and water resource regulation. The northern section of the Yellow River (NSYR) experiences the most frequent water level fluctuations due to river ice. However, accurate annual maps of river ice distribution are unavailable and their spatio-temporal changes in the NSYR are unknown. To address this issue, we developed an ice and water identification model. This model, based on Sentinel-1/2 images, leverages the River Ice Recognition Index (RDRI) and the unique spectral characteristics of the Yellow River ice, and achieves accurate monitoring of ice and water with the NSYR, attaining an accuracy of 94.61% and a kappa coefficient of 0.8013. We applied this model to extract the time series of river ice area in NSYR from November 2018 to March 2022. Our results confirm that temperature significantly influences the formation of river ice, which, in turn, has a regulatory effect on river runoff. As the temperature decreases in winter, the river ice area expands rapidly. River ice area and water level usually reach their peak in January. Overall, for every 1°C decrease in average temperature, the river ice area expands by 8.47%, the water level rises by 0.14m and the discharge decreases by 18.38 m³/s. The findings of this study offer substantial methodological reinforcement for the identification and monitoring of river ice, along with crucial support in the realms of ice flood mitigation, hydrological research, and water resource management.",Arctic and Antarctic ice dynamics
Japan,28,33,GPE,spacy,W4396877812,"Typhoon Hagibis (No. 19, in Japan) made landfall in Koriyama City in Fukushima Prefecture, Japan, on October 13, 2019.","Typhoon Hagibis (No. 19, in Japan) made landfall in Koriyama City in Fukushima Prefecture, Japan, on October 13, 2019. The consequent floods damaged built-up areas in the city center. Furthermore, rice production was affected because the flood occurred before rice harvesting. Although the effects of inundation using Sentinel-1 synthetic aperture radar (SAR) data have been studied, further quantitative analyses are necessary to detect flooded areas using SAR data because the changes in the backscattering coefficient are complex and vary between built-up and paddy areas. Here, we aimed to apply a learning-based method to detect flood-damaged areas in both built-up areas and paddy fields. The training and test data sets were derived from variations in backscattering coefficients measured by Sentinel-1 SAR before and during the flooding event. Moreover, changes in SAR data in built-up areas and paddy fields, where flood damage occurred, were used as training data. A support vector machine was applied as a classifier to detect areas damaged by floods. The proposed method can detect flood-damaged areas caused by Typhoon Hagibis in both built-up and paddy areas. Changing both the backscattering coefficient and texture (entropy) information improved the flood detection accuracy by a kappa coefficient of 0.15 when compared to that achieved using backscattering-only input. Furthermore, upon comparing F-values across categories using dual and single polarization, we found that VV (transmit V and receive V polarizations) enhanced the accuracy of detecting flooded built-up areas, while VH (transmit V and receive H polarizations) yielded improvements in identifying flooded paddy areas.",Synthetic Aperture Radar (SAR) Applications and Techniques
Koriyama City,52,65,GPE,spacy,W4396877812,"Typhoon Hagibis (No. 19, in Japan) made landfall in Koriyama City in Fukushima Prefecture, Japan, on October 13, 2019.","Typhoon Hagibis (No. 19, in Japan) made landfall in Koriyama City in Fukushima Prefecture, Japan, on October 13, 2019. The consequent floods damaged built-up areas in the city center. Furthermore, rice production was affected because the flood occurred before rice harvesting. Although the effects of inundation using Sentinel-1 synthetic aperture radar (SAR) data have been studied, further quantitative analyses are necessary to detect flooded areas using SAR data because the changes in the backscattering coefficient are complex and vary between built-up and paddy areas. Here, we aimed to apply a learning-based method to detect flood-damaged areas in both built-up areas and paddy fields. The training and test data sets were derived from variations in backscattering coefficients measured by Sentinel-1 SAR before and during the flooding event. Moreover, changes in SAR data in built-up areas and paddy fields, where flood damage occurred, were used as training data. A support vector machine was applied as a classifier to detect areas damaged by floods. The proposed method can detect flood-damaged areas caused by Typhoon Hagibis in both built-up and paddy areas. Changing both the backscattering coefficient and texture (entropy) information improved the flood detection accuracy by a kappa coefficient of 0.15 when compared to that achieved using backscattering-only input. Furthermore, upon comparing F-values across categories using dual and single polarization, we found that VV (transmit V and receive V polarizations) enhanced the accuracy of detecting flooded built-up areas, while VH (transmit V and receive H polarizations) yielded improvements in identifying flooded paddy areas.",Synthetic Aperture Radar (SAR) Applications and Techniques
Fukushima Prefecture,69,89,GPE,spacy,W4396877812,"Typhoon Hagibis (No. 19, in Japan) made landfall in Koriyama City in Fukushima Prefecture, Japan, on October 13, 2019.","Typhoon Hagibis (No. 19, in Japan) made landfall in Koriyama City in Fukushima Prefecture, Japan, on October 13, 2019. The consequent floods damaged built-up areas in the city center. Furthermore, rice production was affected because the flood occurred before rice harvesting. Although the effects of inundation using Sentinel-1 synthetic aperture radar (SAR) data have been studied, further quantitative analyses are necessary to detect flooded areas using SAR data because the changes in the backscattering coefficient are complex and vary between built-up and paddy areas. Here, we aimed to apply a learning-based method to detect flood-damaged areas in both built-up areas and paddy fields. The training and test data sets were derived from variations in backscattering coefficients measured by Sentinel-1 SAR before and during the flooding event. Moreover, changes in SAR data in built-up areas and paddy fields, where flood damage occurred, were used as training data. A support vector machine was applied as a classifier to detect areas damaged by floods. The proposed method can detect flood-damaged areas caused by Typhoon Hagibis in both built-up and paddy areas. Changing both the backscattering coefficient and texture (entropy) information improved the flood detection accuracy by a kappa coefficient of 0.15 when compared to that achieved using backscattering-only input. Furthermore, upon comparing F-values across categories using dual and single polarization, we found that VV (transmit V and receive V polarizations) enhanced the accuracy of detecting flooded built-up areas, while VH (transmit V and receive H polarizations) yielded improvements in identifying flooded paddy areas.",Synthetic Aperture Radar (SAR) Applications and Techniques
Japan,91,96,GPE,spacy,W4396877812,"Typhoon Hagibis (No. 19, in Japan) made landfall in Koriyama City in Fukushima Prefecture, Japan, on October 13, 2019.","Typhoon Hagibis (No. 19, in Japan) made landfall in Koriyama City in Fukushima Prefecture, Japan, on October 13, 2019. The consequent floods damaged built-up areas in the city center. Furthermore, rice production was affected because the flood occurred before rice harvesting. Although the effects of inundation using Sentinel-1 synthetic aperture radar (SAR) data have been studied, further quantitative analyses are necessary to detect flooded areas using SAR data because the changes in the backscattering coefficient are complex and vary between built-up and paddy areas. Here, we aimed to apply a learning-based method to detect flood-damaged areas in both built-up areas and paddy fields. The training and test data sets were derived from variations in backscattering coefficients measured by Sentinel-1 SAR before and during the flooding event. Moreover, changes in SAR data in built-up areas and paddy fields, where flood damage occurred, were used as training data. A support vector machine was applied as a classifier to detect areas damaged by floods. The proposed method can detect flood-damaged areas caused by Typhoon Hagibis in both built-up and paddy areas. Changing both the backscattering coefficient and texture (entropy) information improved the flood detection accuracy by a kappa coefficient of 0.15 when compared to that achieved using backscattering-only input. Furthermore, upon comparing F-values across categories using dual and single polarization, we found that VV (transmit V and receive V polarizations) enhanced the accuracy of detecting flooded built-up areas, while VH (transmit V and receive H polarizations) yielded improvements in identifying flooded paddy areas.",Synthetic Aperture Radar (SAR) Applications and Techniques
Turkey,1100,1106,GPE,spacy,W4400525816,"The first dataset is the satellite images of the 2023 Turkey earthquake, the second dataset is associated with the satellite images of the 2023 Morocco earthquake, and the third dataset contains the satellite images of the 2023 Libya flood.","Natural disasters commonly occur in all regions around the world and cause huge financial and human losses. One of the main effects of earthquakes and floods is the destruction of buildings. Photogrammetric and remote sensing (RS) data track changes and detect damages in these events. Considering the evolution in deep learning (DL) techniques, the possibility of accurate information extraction from the RS-based data is increased. DL methods effectively show the damaged regions for decision making and immediate actions for crisis management. The present study is based only on postevent RS images, which apply an encoder–decoder network composed of pretrained EfficientViTB and Yolov8 network blocks as encoder path and the modified-Unet blocks as decoder path for building damage detection (BDD). Compared with methods that use only one network in their encoder path, the presented method achieves better results. To investigate the performance of the proposed method, three datasets affected by different natural disasters are considered. The first dataset is the satellite images of the 2023 Turkey earthquake, the second dataset is associated with the satellite images of the 2023 Morocco earthquake, and the third dataset contains the satellite images of the 2023 Libya flood. The proposed method ultimately reaches the overall accuracy of 97.62%, 98.63%, and 96.43% and the kappa coefficient of 0.86, 0.85, and 0.84 for the first, second, and third dataset, respectively, which shows the proper performance of the proposed method for BDD.",Remote-Sensing Image Classification
Morocco,1190,1197,GPE,spacy,W4400525816,"The first dataset is the satellite images of the 2023 Turkey earthquake, the second dataset is associated with the satellite images of the 2023 Morocco earthquake, and the third dataset contains the satellite images of the 2023 Libya flood.","Natural disasters commonly occur in all regions around the world and cause huge financial and human losses. One of the main effects of earthquakes and floods is the destruction of buildings. Photogrammetric and remote sensing (RS) data track changes and detect damages in these events. Considering the evolution in deep learning (DL) techniques, the possibility of accurate information extraction from the RS-based data is increased. DL methods effectively show the damaged regions for decision making and immediate actions for crisis management. The present study is based only on postevent RS images, which apply an encoder–decoder network composed of pretrained EfficientViTB and Yolov8 network blocks as encoder path and the modified-Unet blocks as decoder path for building damage detection (BDD). Compared with methods that use only one network in their encoder path, the presented method achieves better results. To investigate the performance of the proposed method, three datasets affected by different natural disasters are considered. The first dataset is the satellite images of the 2023 Turkey earthquake, the second dataset is associated with the satellite images of the 2023 Morocco earthquake, and the third dataset contains the satellite images of the 2023 Libya flood. The proposed method ultimately reaches the overall accuracy of 97.62%, 98.63%, and 96.43% and the kappa coefficient of 0.86, 0.85, and 0.84 for the first, second, and third dataset, respectively, which shows the proper performance of the proposed method for BDD.",Remote-Sensing Image Classification
Libya,1274,1279,GPE,spacy,W4400525816,"The first dataset is the satellite images of the 2023 Turkey earthquake, the second dataset is associated with the satellite images of the 2023 Morocco earthquake, and the third dataset contains the satellite images of the 2023 Libya flood.","Natural disasters commonly occur in all regions around the world and cause huge financial and human losses. One of the main effects of earthquakes and floods is the destruction of buildings. Photogrammetric and remote sensing (RS) data track changes and detect damages in these events. Considering the evolution in deep learning (DL) techniques, the possibility of accurate information extraction from the RS-based data is increased. DL methods effectively show the damaged regions for decision making and immediate actions for crisis management. The present study is based only on postevent RS images, which apply an encoder–decoder network composed of pretrained EfficientViTB and Yolov8 network blocks as encoder path and the modified-Unet blocks as decoder path for building damage detection (BDD). Compared with methods that use only one network in their encoder path, the presented method achieves better results. To investigate the performance of the proposed method, three datasets affected by different natural disasters are considered. The first dataset is the satellite images of the 2023 Turkey earthquake, the second dataset is associated with the satellite images of the 2023 Morocco earthquake, and the third dataset contains the satellite images of the 2023 Libya flood. The proposed method ultimately reaches the overall accuracy of 97.62%, 98.63%, and 96.43% and the kappa coefficient of 0.86, 0.85, and 0.84 for the first, second, and third dataset, respectively, which shows the proper performance of the proposed method for BDD.",Remote-Sensing Image Classification
US,65,67,GPE,spacy,W4393224289,Climate change brings intense hurricanes and storm surges to the US Atlantic coast.,"Climate change brings intense hurricanes and storm surges to the US Atlantic coast. These disruptive meteorological events, combined with sea level rise (SLR), inundate coastal areas and adversely impact infrastructure and environmental assets. Thus, storm surge projection and associated risk quantification are needed in coastal adaptation planning and emergency management. However, the projections can have large uncertainties depending on the planning time horizon. Excessive uncertainties arise from inadequately quantified ocean-climatic processes that control hurricane formation, storm track, and SLR in time of climate change. For this challenge, we propose an objective-based analytical-statistical approach using the National Oceanic and Atmospheric Administration's (NOAA)'s Sea, Lake, and Overland Surge from Hurricanes (SLOSH) model in scenario analysis of the storm surge impacts. In this approach, synthetic hurricanes (wind profile and track direction) are simulated to yield the likely range of the maximum envelope of water (MEOW), the maximum of the maximum (MOM), local wind speed, and directions. The surge height and time progression at a location are analyzed using a validated SLOSH model for a given adaptation or planning objective with a set of uncertainty tolerance. We further illustrate the approach in three case studies at Mattapoisett (MA), Bridgeport (CT), and Lower Chesapeake Bay along the US Atlantic coast. Simulated MOMs as the worst-case surge scenarios defined the long-term climate risk to the shoreside wastewater plants in Bridgeport and environmental assets in the Lower Chesapeake Bay. The wind-surge probability envelopes in simulated MEOWs provide location-specific estimates of the storm surge probability for local adaptation analysis at four locations in Lower Chesapeake Bay and at Mattapoisett of the southeastern Massachusetts coast. Using the constraints of local bathymetry and topography, the wind-surge probability curves and time progression also provide quantitative probability estimates for emergency response planning, as illustrated in the Mattapoisett case study.",Tropical and Extratropical Cyclones Research
Atlantic,68,76,LOC,spacy,W4393224289,Climate change brings intense hurricanes and storm surges to the US Atlantic coast.,"Climate change brings intense hurricanes and storm surges to the US Atlantic coast. These disruptive meteorological events, combined with sea level rise (SLR), inundate coastal areas and adversely impact infrastructure and environmental assets. Thus, storm surge projection and associated risk quantification are needed in coastal adaptation planning and emergency management. However, the projections can have large uncertainties depending on the planning time horizon. Excessive uncertainties arise from inadequately quantified ocean-climatic processes that control hurricane formation, storm track, and SLR in time of climate change. For this challenge, we propose an objective-based analytical-statistical approach using the National Oceanic and Atmospheric Administration's (NOAA)'s Sea, Lake, and Overland Surge from Hurricanes (SLOSH) model in scenario analysis of the storm surge impacts. In this approach, synthetic hurricanes (wind profile and track direction) are simulated to yield the likely range of the maximum envelope of water (MEOW), the maximum of the maximum (MOM), local wind speed, and directions. The surge height and time progression at a location are analyzed using a validated SLOSH model for a given adaptation or planning objective with a set of uncertainty tolerance. We further illustrate the approach in three case studies at Mattapoisett (MA), Bridgeport (CT), and Lower Chesapeake Bay along the US Atlantic coast. Simulated MOMs as the worst-case surge scenarios defined the long-term climate risk to the shoreside wastewater plants in Bridgeport and environmental assets in the Lower Chesapeake Bay. The wind-surge probability envelopes in simulated MEOWs provide location-specific estimates of the storm surge probability for local adaptation analysis at four locations in Lower Chesapeake Bay and at Mattapoisett of the southeastern Massachusetts coast. Using the constraints of local bathymetry and topography, the wind-surge probability curves and time progression also provide quantitative probability estimates for emergency response planning, as illustrated in the Mattapoisett case study.",Tropical and Extratropical Cyclones Research
Sea,788,791,LOC,spacy,W4393224289,"For this challenge, we propose an objective-based analytical-statistical approach using the National Oceanic and Atmospheric Administration's (NOAA)'s Sea, Lake, and Overland Surge from Hurricanes (SLOSH) model in scenario analysis of the storm surge impacts.","Climate change brings intense hurricanes and storm surges to the US Atlantic coast. These disruptive meteorological events, combined with sea level rise (SLR), inundate coastal areas and adversely impact infrastructure and environmental assets. Thus, storm surge projection and associated risk quantification are needed in coastal adaptation planning and emergency management. However, the projections can have large uncertainties depending on the planning time horizon. Excessive uncertainties arise from inadequately quantified ocean-climatic processes that control hurricane formation, storm track, and SLR in time of climate change. For this challenge, we propose an objective-based analytical-statistical approach using the National Oceanic and Atmospheric Administration's (NOAA)'s Sea, Lake, and Overland Surge from Hurricanes (SLOSH) model in scenario analysis of the storm surge impacts. In this approach, synthetic hurricanes (wind profile and track direction) are simulated to yield the likely range of the maximum envelope of water (MEOW), the maximum of the maximum (MOM), local wind speed, and directions. The surge height and time progression at a location are analyzed using a validated SLOSH model for a given adaptation or planning objective with a set of uncertainty tolerance. We further illustrate the approach in three case studies at Mattapoisett (MA), Bridgeport (CT), and Lower Chesapeake Bay along the US Atlantic coast. Simulated MOMs as the worst-case surge scenarios defined the long-term climate risk to the shoreside wastewater plants in Bridgeport and environmental assets in the Lower Chesapeake Bay. The wind-surge probability envelopes in simulated MEOWs provide location-specific estimates of the storm surge probability for local adaptation analysis at four locations in Lower Chesapeake Bay and at Mattapoisett of the southeastern Massachusetts coast. Using the constraints of local bathymetry and topography, the wind-surge probability curves and time progression also provide quantitative probability estimates for emergency response planning, as illustrated in the Mattapoisett case study.",Tropical and Extratropical Cyclones Research
Lake,793,797,LOC,spacy,W4393224289,"For this challenge, we propose an objective-based analytical-statistical approach using the National Oceanic and Atmospheric Administration's (NOAA)'s Sea, Lake, and Overland Surge from Hurricanes (SLOSH) model in scenario analysis of the storm surge impacts.","Climate change brings intense hurricanes and storm surges to the US Atlantic coast. These disruptive meteorological events, combined with sea level rise (SLR), inundate coastal areas and adversely impact infrastructure and environmental assets. Thus, storm surge projection and associated risk quantification are needed in coastal adaptation planning and emergency management. However, the projections can have large uncertainties depending on the planning time horizon. Excessive uncertainties arise from inadequately quantified ocean-climatic processes that control hurricane formation, storm track, and SLR in time of climate change. For this challenge, we propose an objective-based analytical-statistical approach using the National Oceanic and Atmospheric Administration's (NOAA)'s Sea, Lake, and Overland Surge from Hurricanes (SLOSH) model in scenario analysis of the storm surge impacts. In this approach, synthetic hurricanes (wind profile and track direction) are simulated to yield the likely range of the maximum envelope of water (MEOW), the maximum of the maximum (MOM), local wind speed, and directions. The surge height and time progression at a location are analyzed using a validated SLOSH model for a given adaptation or planning objective with a set of uncertainty tolerance. We further illustrate the approach in three case studies at Mattapoisett (MA), Bridgeport (CT), and Lower Chesapeake Bay along the US Atlantic coast. Simulated MOMs as the worst-case surge scenarios defined the long-term climate risk to the shoreside wastewater plants in Bridgeport and environmental assets in the Lower Chesapeake Bay. The wind-surge probability envelopes in simulated MEOWs provide location-specific estimates of the storm surge probability for local adaptation analysis at four locations in Lower Chesapeake Bay and at Mattapoisett of the southeastern Massachusetts coast. Using the constraints of local bathymetry and topography, the wind-surge probability curves and time progression also provide quantitative probability estimates for emergency response planning, as illustrated in the Mattapoisett case study.",Tropical and Extratropical Cyclones Research
Hurricanes,823,833,GPE,spacy,W4393224289,"For this challenge, we propose an objective-based analytical-statistical approach using the National Oceanic and Atmospheric Administration's (NOAA)'s Sea, Lake, and Overland Surge from Hurricanes (SLOSH) model in scenario analysis of the storm surge impacts.","Climate change brings intense hurricanes and storm surges to the US Atlantic coast. These disruptive meteorological events, combined with sea level rise (SLR), inundate coastal areas and adversely impact infrastructure and environmental assets. Thus, storm surge projection and associated risk quantification are needed in coastal adaptation planning and emergency management. However, the projections can have large uncertainties depending on the planning time horizon. Excessive uncertainties arise from inadequately quantified ocean-climatic processes that control hurricane formation, storm track, and SLR in time of climate change. For this challenge, we propose an objective-based analytical-statistical approach using the National Oceanic and Atmospheric Administration's (NOAA)'s Sea, Lake, and Overland Surge from Hurricanes (SLOSH) model in scenario analysis of the storm surge impacts. In this approach, synthetic hurricanes (wind profile and track direction) are simulated to yield the likely range of the maximum envelope of water (MEOW), the maximum of the maximum (MOM), local wind speed, and directions. The surge height and time progression at a location are analyzed using a validated SLOSH model for a given adaptation or planning objective with a set of uncertainty tolerance. We further illustrate the approach in three case studies at Mattapoisett (MA), Bridgeport (CT), and Lower Chesapeake Bay along the US Atlantic coast. Simulated MOMs as the worst-case surge scenarios defined the long-term climate risk to the shoreside wastewater plants in Bridgeport and environmental assets in the Lower Chesapeake Bay. The wind-surge probability envelopes in simulated MEOWs provide location-specific estimates of the storm surge probability for local adaptation analysis at four locations in Lower Chesapeake Bay and at Mattapoisett of the southeastern Massachusetts coast. Using the constraints of local bathymetry and topography, the wind-surge probability curves and time progression also provide quantitative probability estimates for emergency response planning, as illustrated in the Mattapoisett case study.",Tropical and Extratropical Cyclones Research
Lower Chesapeake Bay,1397,1417,LOC,spacy,W4393224289,"We further illustrate the approach in three case studies at Mattapoisett (MA), Bridgeport (CT), and Lower Chesapeake Bay along the US Atlantic coast.","Climate change brings intense hurricanes and storm surges to the US Atlantic coast. These disruptive meteorological events, combined with sea level rise (SLR), inundate coastal areas and adversely impact infrastructure and environmental assets. Thus, storm surge projection and associated risk quantification are needed in coastal adaptation planning and emergency management. However, the projections can have large uncertainties depending on the planning time horizon. Excessive uncertainties arise from inadequately quantified ocean-climatic processes that control hurricane formation, storm track, and SLR in time of climate change. For this challenge, we propose an objective-based analytical-statistical approach using the National Oceanic and Atmospheric Administration's (NOAA)'s Sea, Lake, and Overland Surge from Hurricanes (SLOSH) model in scenario analysis of the storm surge impacts. In this approach, synthetic hurricanes (wind profile and track direction) are simulated to yield the likely range of the maximum envelope of water (MEOW), the maximum of the maximum (MOM), local wind speed, and directions. The surge height and time progression at a location are analyzed using a validated SLOSH model for a given adaptation or planning objective with a set of uncertainty tolerance. We further illustrate the approach in three case studies at Mattapoisett (MA), Bridgeport (CT), and Lower Chesapeake Bay along the US Atlantic coast. Simulated MOMs as the worst-case surge scenarios defined the long-term climate risk to the shoreside wastewater plants in Bridgeport and environmental assets in the Lower Chesapeake Bay. The wind-surge probability envelopes in simulated MEOWs provide location-specific estimates of the storm surge probability for local adaptation analysis at four locations in Lower Chesapeake Bay and at Mattapoisett of the southeastern Massachusetts coast. Using the constraints of local bathymetry and topography, the wind-surge probability curves and time progression also provide quantitative probability estimates for emergency response planning, as illustrated in the Mattapoisett case study.",Tropical and Extratropical Cyclones Research
US,1428,1430,GPE,spacy,W4393224289,"We further illustrate the approach in three case studies at Mattapoisett (MA), Bridgeport (CT), and Lower Chesapeake Bay along the US Atlantic coast.","Climate change brings intense hurricanes and storm surges to the US Atlantic coast. These disruptive meteorological events, combined with sea level rise (SLR), inundate coastal areas and adversely impact infrastructure and environmental assets. Thus, storm surge projection and associated risk quantification are needed in coastal adaptation planning and emergency management. However, the projections can have large uncertainties depending on the planning time horizon. Excessive uncertainties arise from inadequately quantified ocean-climatic processes that control hurricane formation, storm track, and SLR in time of climate change. For this challenge, we propose an objective-based analytical-statistical approach using the National Oceanic and Atmospheric Administration's (NOAA)'s Sea, Lake, and Overland Surge from Hurricanes (SLOSH) model in scenario analysis of the storm surge impacts. In this approach, synthetic hurricanes (wind profile and track direction) are simulated to yield the likely range of the maximum envelope of water (MEOW), the maximum of the maximum (MOM), local wind speed, and directions. The surge height and time progression at a location are analyzed using a validated SLOSH model for a given adaptation or planning objective with a set of uncertainty tolerance. We further illustrate the approach in three case studies at Mattapoisett (MA), Bridgeport (CT), and Lower Chesapeake Bay along the US Atlantic coast. Simulated MOMs as the worst-case surge scenarios defined the long-term climate risk to the shoreside wastewater plants in Bridgeport and environmental assets in the Lower Chesapeake Bay. The wind-surge probability envelopes in simulated MEOWs provide location-specific estimates of the storm surge probability for local adaptation analysis at four locations in Lower Chesapeake Bay and at Mattapoisett of the southeastern Massachusetts coast. Using the constraints of local bathymetry and topography, the wind-surge probability curves and time progression also provide quantitative probability estimates for emergency response planning, as illustrated in the Mattapoisett case study.",Tropical and Extratropical Cyclones Research
Atlantic,1431,1439,LOC,spacy,W4393224289,"We further illustrate the approach in three case studies at Mattapoisett (MA), Bridgeport (CT), and Lower Chesapeake Bay along the US Atlantic coast.","Climate change brings intense hurricanes and storm surges to the US Atlantic coast. These disruptive meteorological events, combined with sea level rise (SLR), inundate coastal areas and adversely impact infrastructure and environmental assets. Thus, storm surge projection and associated risk quantification are needed in coastal adaptation planning and emergency management. However, the projections can have large uncertainties depending on the planning time horizon. Excessive uncertainties arise from inadequately quantified ocean-climatic processes that control hurricane formation, storm track, and SLR in time of climate change. For this challenge, we propose an objective-based analytical-statistical approach using the National Oceanic and Atmospheric Administration's (NOAA)'s Sea, Lake, and Overland Surge from Hurricanes (SLOSH) model in scenario analysis of the storm surge impacts. In this approach, synthetic hurricanes (wind profile and track direction) are simulated to yield the likely range of the maximum envelope of water (MEOW), the maximum of the maximum (MOM), local wind speed, and directions. The surge height and time progression at a location are analyzed using a validated SLOSH model for a given adaptation or planning objective with a set of uncertainty tolerance. We further illustrate the approach in three case studies at Mattapoisett (MA), Bridgeport (CT), and Lower Chesapeake Bay along the US Atlantic coast. Simulated MOMs as the worst-case surge scenarios defined the long-term climate risk to the shoreside wastewater plants in Bridgeport and environmental assets in the Lower Chesapeake Bay. The wind-surge probability envelopes in simulated MEOWs provide location-specific estimates of the storm surge probability for local adaptation analysis at four locations in Lower Chesapeake Bay and at Mattapoisett of the southeastern Massachusetts coast. Using the constraints of local bathymetry and topography, the wind-surge probability curves and time progression also provide quantitative probability estimates for emergency response planning, as illustrated in the Mattapoisett case study.",Tropical and Extratropical Cyclones Research
Bridgeport,1569,1579,GPE,spacy,W4393224289,Simulated MOMs as the worst-case surge scenarios defined the long-term climate risk to the shoreside wastewater plants in Bridgeport and environmental assets in the Lower Chesapeake Bay.,"Climate change brings intense hurricanes and storm surges to the US Atlantic coast. These disruptive meteorological events, combined with sea level rise (SLR), inundate coastal areas and adversely impact infrastructure and environmental assets. Thus, storm surge projection and associated risk quantification are needed in coastal adaptation planning and emergency management. However, the projections can have large uncertainties depending on the planning time horizon. Excessive uncertainties arise from inadequately quantified ocean-climatic processes that control hurricane formation, storm track, and SLR in time of climate change. For this challenge, we propose an objective-based analytical-statistical approach using the National Oceanic and Atmospheric Administration's (NOAA)'s Sea, Lake, and Overland Surge from Hurricanes (SLOSH) model in scenario analysis of the storm surge impacts. In this approach, synthetic hurricanes (wind profile and track direction) are simulated to yield the likely range of the maximum envelope of water (MEOW), the maximum of the maximum (MOM), local wind speed, and directions. The surge height and time progression at a location are analyzed using a validated SLOSH model for a given adaptation or planning objective with a set of uncertainty tolerance. We further illustrate the approach in three case studies at Mattapoisett (MA), Bridgeport (CT), and Lower Chesapeake Bay along the US Atlantic coast. Simulated MOMs as the worst-case surge scenarios defined the long-term climate risk to the shoreside wastewater plants in Bridgeport and environmental assets in the Lower Chesapeake Bay. The wind-surge probability envelopes in simulated MEOWs provide location-specific estimates of the storm surge probability for local adaptation analysis at four locations in Lower Chesapeake Bay and at Mattapoisett of the southeastern Massachusetts coast. Using the constraints of local bathymetry and topography, the wind-surge probability curves and time progression also provide quantitative probability estimates for emergency response planning, as illustrated in the Mattapoisett case study.",Tropical and Extratropical Cyclones Research
the Lower Chesapeake Bay,1608,1632,FAC,spacy,W4393224289,Simulated MOMs as the worst-case surge scenarios defined the long-term climate risk to the shoreside wastewater plants in Bridgeport and environmental assets in the Lower Chesapeake Bay.,"Climate change brings intense hurricanes and storm surges to the US Atlantic coast. These disruptive meteorological events, combined with sea level rise (SLR), inundate coastal areas and adversely impact infrastructure and environmental assets. Thus, storm surge projection and associated risk quantification are needed in coastal adaptation planning and emergency management. However, the projections can have large uncertainties depending on the planning time horizon. Excessive uncertainties arise from inadequately quantified ocean-climatic processes that control hurricane formation, storm track, and SLR in time of climate change. For this challenge, we propose an objective-based analytical-statistical approach using the National Oceanic and Atmospheric Administration's (NOAA)'s Sea, Lake, and Overland Surge from Hurricanes (SLOSH) model in scenario analysis of the storm surge impacts. In this approach, synthetic hurricanes (wind profile and track direction) are simulated to yield the likely range of the maximum envelope of water (MEOW), the maximum of the maximum (MOM), local wind speed, and directions. The surge height and time progression at a location are analyzed using a validated SLOSH model for a given adaptation or planning objective with a set of uncertainty tolerance. We further illustrate the approach in three case studies at Mattapoisett (MA), Bridgeport (CT), and Lower Chesapeake Bay along the US Atlantic coast. Simulated MOMs as the worst-case surge scenarios defined the long-term climate risk to the shoreside wastewater plants in Bridgeport and environmental assets in the Lower Chesapeake Bay. The wind-surge probability envelopes in simulated MEOWs provide location-specific estimates of the storm surge probability for local adaptation analysis at four locations in Lower Chesapeake Bay and at Mattapoisett of the southeastern Massachusetts coast. Using the constraints of local bathymetry and topography, the wind-surge probability curves and time progression also provide quantitative probability estimates for emergency response planning, as illustrated in the Mattapoisett case study.",Tropical and Extratropical Cyclones Research
Lower Chesapeake Bay,1808,1828,LOC,spacy,W4393224289,The wind-surge probability envelopes in simulated MEOWs provide location-specific estimates of the storm surge probability for local adaptation analysis at four locations in Lower Chesapeake Bay and at Mattapoisett of the southeastern Massachusetts coast.,"Climate change brings intense hurricanes and storm surges to the US Atlantic coast. These disruptive meteorological events, combined with sea level rise (SLR), inundate coastal areas and adversely impact infrastructure and environmental assets. Thus, storm surge projection and associated risk quantification are needed in coastal adaptation planning and emergency management. However, the projections can have large uncertainties depending on the planning time horizon. Excessive uncertainties arise from inadequately quantified ocean-climatic processes that control hurricane formation, storm track, and SLR in time of climate change. For this challenge, we propose an objective-based analytical-statistical approach using the National Oceanic and Atmospheric Administration's (NOAA)'s Sea, Lake, and Overland Surge from Hurricanes (SLOSH) model in scenario analysis of the storm surge impacts. In this approach, synthetic hurricanes (wind profile and track direction) are simulated to yield the likely range of the maximum envelope of water (MEOW), the maximum of the maximum (MOM), local wind speed, and directions. The surge height and time progression at a location are analyzed using a validated SLOSH model for a given adaptation or planning objective with a set of uncertainty tolerance. We further illustrate the approach in three case studies at Mattapoisett (MA), Bridgeport (CT), and Lower Chesapeake Bay along the US Atlantic coast. Simulated MOMs as the worst-case surge scenarios defined the long-term climate risk to the shoreside wastewater plants in Bridgeport and environmental assets in the Lower Chesapeake Bay. The wind-surge probability envelopes in simulated MEOWs provide location-specific estimates of the storm surge probability for local adaptation analysis at four locations in Lower Chesapeake Bay and at Mattapoisett of the southeastern Massachusetts coast. Using the constraints of local bathymetry and topography, the wind-surge probability curves and time progression also provide quantitative probability estimates for emergency response planning, as illustrated in the Mattapoisett case study.",Tropical and Extratropical Cyclones Research
Massachusetts,1869,1882,GPE,spacy,W4393224289,The wind-surge probability envelopes in simulated MEOWs provide location-specific estimates of the storm surge probability for local adaptation analysis at four locations in Lower Chesapeake Bay and at Mattapoisett of the southeastern Massachusetts coast.,"Climate change brings intense hurricanes and storm surges to the US Atlantic coast. These disruptive meteorological events, combined with sea level rise (SLR), inundate coastal areas and adversely impact infrastructure and environmental assets. Thus, storm surge projection and associated risk quantification are needed in coastal adaptation planning and emergency management. However, the projections can have large uncertainties depending on the planning time horizon. Excessive uncertainties arise from inadequately quantified ocean-climatic processes that control hurricane formation, storm track, and SLR in time of climate change. For this challenge, we propose an objective-based analytical-statistical approach using the National Oceanic and Atmospheric Administration's (NOAA)'s Sea, Lake, and Overland Surge from Hurricanes (SLOSH) model in scenario analysis of the storm surge impacts. In this approach, synthetic hurricanes (wind profile and track direction) are simulated to yield the likely range of the maximum envelope of water (MEOW), the maximum of the maximum (MOM), local wind speed, and directions. The surge height and time progression at a location are analyzed using a validated SLOSH model for a given adaptation or planning objective with a set of uncertainty tolerance. We further illustrate the approach in three case studies at Mattapoisett (MA), Bridgeport (CT), and Lower Chesapeake Bay along the US Atlantic coast. Simulated MOMs as the worst-case surge scenarios defined the long-term climate risk to the shoreside wastewater plants in Bridgeport and environmental assets in the Lower Chesapeake Bay. The wind-surge probability envelopes in simulated MEOWs provide location-specific estimates of the storm surge probability for local adaptation analysis at four locations in Lower Chesapeake Bay and at Mattapoisett of the southeastern Massachusetts coast. Using the constraints of local bathymetry and topography, the wind-surge probability curves and time progression also provide quantitative probability estimates for emergency response planning, as illustrated in the Mattapoisett case study.",Tropical and Extratropical Cyclones Research
Great Lakes,1067,1078,FAC,spacy,W4394966939,"In this letter we address this issue by comparing the altimetry profiles over Great Lakes of grazing GNSS-R data provided by Spire constellation satellites and SAR altimeter data provided by Sentinel-3 constellation satellites, as a first approach in preparation of inter-techniques hydrology lake water level products.","Monitoring the dynamics and surface conditions of lakes is essential for the understanding of climate change dynamics. Lake water level is one of the variables that needs a particular vigilance, requiring a global and consistent monitoring that can be achieved by spaceborne remote sensing. Satellite radar altimetry has been widely used in the monitoring of inland waters in the past decades, with recent great improvements in the spatial resolution through the new generation of Synthetic Aperture Radar (SAR) altimeters. However, current radar altimetry constellations limits the space-time sampling necessary for a systematic and regular mapping of lakes. GNSS-Reflectometry (GNSS-R) could provide complementary observations to densify the spatio-temporal coverage, allowing hydrologists to access to finer details on the lake surface evolution. In particular, grazing GNSS-R broaden the use of opportunistic GNSS signals due to the smaller elevation angles of the reflecting signals. In this letter we address this issue by comparing the altimetry profiles over Great Lakes of grazing GNSS-R data provided by Spire constellation satellites and SAR altimeter data provided by Sentinel-3 constellation satellites, as a first approach in preparation of inter-techniques hydrology lake water level products. This letter confirms the advantages of fusing observations from both types of remote sensing techniques provided that accurate regional geoid model are available. Furthermore, GNSS-R data could also provide an independent lake water level information to validate the radar altimetry measurements over sites which are not equipped with ground means.",Flood Risk Assessment and Management
Fazilka,856,863,GPE,spacy,W4391560648,"However, the waterlogged and potential waterlogging area observed in Fazilka district covered about one-third (32.52%) of the district during 2020.","The study aimed to assess the dynamic behavior of groundwater levels in the southwestern districts of Indian Punjab, focusing on the spatial and temporal distribution of waterlogged and overexploited areas before and after the monsoon season. The study utilized groundwater level data spanning 48 years (1973 -2020), using GIS to map groundwater levels and visualize fluctuations throughout the study area. The findings revealed significant variations in groundwater levels within the southwestern district of Punjab during different seasons. The maximum waterlogged areas were found to be 97,350 ha (1973, Faridkot), 56,080 ha (1981, Ferozepur), 21,730 ha (1991, Sri Muktsar Sahib), 52,790 ha (2000, Sri Muktsar Sahib), 6,760 ha (2010, Sri Muktsar Sahib), and 2,910 ha (2020, Fazilka). However, the waterlogged and potential waterlogging area observed in Fazilka district covered about one-third (32.52%) of the district during 2020. The study identified that 45% of the study area faced the risk of overexploitation, 46% was considered safe, and 9% was either waterlogged or at risk of waterlogging. Over the 48 years, the study demonstrated the dynamic nature of waterlogged areas in the southwestern districts of Punjab, including Ferozepur to Fazilka via Faridkot and Sri Muktsar Sahib districts.",Flood Risk Assessment and Management
Fazilka,1248,1255,GPE,spacy,W4391560648,"Over the 48 years, the study demonstrated the dynamic nature of waterlogged areas in the southwestern districts of Punjab, including Ferozepur to Fazilka via Faridkot and Sri Muktsar Sahib districts.","The study aimed to assess the dynamic behavior of groundwater levels in the southwestern districts of Indian Punjab, focusing on the spatial and temporal distribution of waterlogged and overexploited areas before and after the monsoon season. The study utilized groundwater level data spanning 48 years (1973 -2020), using GIS to map groundwater levels and visualize fluctuations throughout the study area. The findings revealed significant variations in groundwater levels within the southwestern district of Punjab during different seasons. The maximum waterlogged areas were found to be 97,350 ha (1973, Faridkot), 56,080 ha (1981, Ferozepur), 21,730 ha (1991, Sri Muktsar Sahib), 52,790 ha (2000, Sri Muktsar Sahib), 6,760 ha (2010, Sri Muktsar Sahib), and 2,910 ha (2020, Fazilka). However, the waterlogged and potential waterlogging area observed in Fazilka district covered about one-third (32.52%) of the district during 2020. The study identified that 45% of the study area faced the risk of overexploitation, 46% was considered safe, and 9% was either waterlogged or at risk of waterlogging. Over the 48 years, the study demonstrated the dynamic nature of waterlogged areas in the southwestern districts of Punjab, including Ferozepur to Fazilka via Faridkot and Sri Muktsar Sahib districts.",Flood Risk Assessment and Management
Maluti,480,486,GPE,spacy,W4392661189,"Using rainfall and temperature trends, and data collected from a household questionnaire survey, the objective of this study is to assess the impact of climate change on low-income households living in the Maluti-a-Phofung Municipality part of the Drakensberg Mountains.","Mountains are climate change hotspots and their ecosystems are key components in the supply of ecosystem goods and services to local communities. Low-income communities that directly depend on mountain resources are highly vulnerable to the harsh impacts of climate change. Using rainfall and temperature trends, and data collected from a household questionnaire survey, the objective of this study is to assess the impact of climate change on low-income households living in the Maluti-a-Phofung Municipality part of the Drakensberg Mountains. Climatic data were obtained from Climate Explorer while the household data were collected from a sample of 383 households in the villages of Qwaqwa. The results show that temperature and rainfall changes have significantly increased over a period of 120 years. About 51 percent of the respondents experienced extreme weather events which has the greatest impact on their households followed by drought (25.5%). Employment status was found to be significantly associated with the perception that hazards negatively impact natural resource availability, with 54% of those who had this perception being unemployed. In addition, income was found to have a significant relationship with extreme weather impacts on households and 60% of those households had a low monthly income of ZAR 2000 or less. Based on these findings, mountain households along the Drakensberg Mountains in Qwaqwa villages are already experiencing the negative impacts of climate change and their socio-economic characteristics indicate very low levels of adaptation capacity.",Flood Risk Assessment and Management
Phofung Municipality,489,509,GPE,spacy,W4392661189,"Using rainfall and temperature trends, and data collected from a household questionnaire survey, the objective of this study is to assess the impact of climate change on low-income households living in the Maluti-a-Phofung Municipality part of the Drakensberg Mountains.","Mountains are climate change hotspots and their ecosystems are key components in the supply of ecosystem goods and services to local communities. Low-income communities that directly depend on mountain resources are highly vulnerable to the harsh impacts of climate change. Using rainfall and temperature trends, and data collected from a household questionnaire survey, the objective of this study is to assess the impact of climate change on low-income households living in the Maluti-a-Phofung Municipality part of the Drakensberg Mountains. Climatic data were obtained from Climate Explorer while the household data were collected from a sample of 383 households in the villages of Qwaqwa. The results show that temperature and rainfall changes have significantly increased over a period of 120 years. About 51 percent of the respondents experienced extreme weather events which has the greatest impact on their households followed by drought (25.5%). Employment status was found to be significantly associated with the perception that hazards negatively impact natural resource availability, with 54% of those who had this perception being unemployed. In addition, income was found to have a significant relationship with extreme weather impacts on households and 60% of those households had a low monthly income of ZAR 2000 or less. Based on these findings, mountain households along the Drakensberg Mountains in Qwaqwa villages are already experiencing the negative impacts of climate change and their socio-economic characteristics indicate very low levels of adaptation capacity.",Flood Risk Assessment and Management
the Drakensberg Mountains,518,543,LOC,spacy,W4392661189,"Using rainfall and temperature trends, and data collected from a household questionnaire survey, the objective of this study is to assess the impact of climate change on low-income households living in the Maluti-a-Phofung Municipality part of the Drakensberg Mountains.","Mountains are climate change hotspots and their ecosystems are key components in the supply of ecosystem goods and services to local communities. Low-income communities that directly depend on mountain resources are highly vulnerable to the harsh impacts of climate change. Using rainfall and temperature trends, and data collected from a household questionnaire survey, the objective of this study is to assess the impact of climate change on low-income households living in the Maluti-a-Phofung Municipality part of the Drakensberg Mountains. Climatic data were obtained from Climate Explorer while the household data were collected from a sample of 383 households in the villages of Qwaqwa. The results show that temperature and rainfall changes have significantly increased over a period of 120 years. About 51 percent of the respondents experienced extreme weather events which has the greatest impact on their households followed by drought (25.5%). Employment status was found to be significantly associated with the perception that hazards negatively impact natural resource availability, with 54% of those who had this perception being unemployed. In addition, income was found to have a significant relationship with extreme weather impacts on households and 60% of those households had a low monthly income of ZAR 2000 or less. Based on these findings, mountain households along the Drakensberg Mountains in Qwaqwa villages are already experiencing the negative impacts of climate change and their socio-economic characteristics indicate very low levels of adaptation capacity.",Flood Risk Assessment and Management
Qwaqwa,686,692,GPE,spacy,W4392661189,Climatic data were obtained from Climate Explorer while the household data were collected from a sample of 383 households in the villages of Qwaqwa.,"Mountains are climate change hotspots and their ecosystems are key components in the supply of ecosystem goods and services to local communities. Low-income communities that directly depend on mountain resources are highly vulnerable to the harsh impacts of climate change. Using rainfall and temperature trends, and data collected from a household questionnaire survey, the objective of this study is to assess the impact of climate change on low-income households living in the Maluti-a-Phofung Municipality part of the Drakensberg Mountains. Climatic data were obtained from Climate Explorer while the household data were collected from a sample of 383 households in the villages of Qwaqwa. The results show that temperature and rainfall changes have significantly increased over a period of 120 years. About 51 percent of the respondents experienced extreme weather events which has the greatest impact on their households followed by drought (25.5%). Employment status was found to be significantly associated with the perception that hazards negatively impact natural resource availability, with 54% of those who had this perception being unemployed. In addition, income was found to have a significant relationship with extreme weather impacts on households and 60% of those households had a low monthly income of ZAR 2000 or less. Based on these findings, mountain households along the Drakensberg Mountains in Qwaqwa villages are already experiencing the negative impacts of climate change and their socio-economic characteristics indicate very low levels of adaptation capacity.",Flood Risk Assessment and Management
the Drakensberg Mountains,1390,1415,LOC,spacy,W4392661189,"Based on these findings, mountain households along the Drakensberg Mountains in Qwaqwa villages are already experiencing the negative impacts of climate change and their socio-economic characteristics indicate very low levels of adaptation capacity.","Mountains are climate change hotspots and their ecosystems are key components in the supply of ecosystem goods and services to local communities. Low-income communities that directly depend on mountain resources are highly vulnerable to the harsh impacts of climate change. Using rainfall and temperature trends, and data collected from a household questionnaire survey, the objective of this study is to assess the impact of climate change on low-income households living in the Maluti-a-Phofung Municipality part of the Drakensberg Mountains. Climatic data were obtained from Climate Explorer while the household data were collected from a sample of 383 households in the villages of Qwaqwa. The results show that temperature and rainfall changes have significantly increased over a period of 120 years. About 51 percent of the respondents experienced extreme weather events which has the greatest impact on their households followed by drought (25.5%). Employment status was found to be significantly associated with the perception that hazards negatively impact natural resource availability, with 54% of those who had this perception being unemployed. In addition, income was found to have a significant relationship with extreme weather impacts on households and 60% of those households had a low monthly income of ZAR 2000 or less. Based on these findings, mountain households along the Drakensberg Mountains in Qwaqwa villages are already experiencing the negative impacts of climate change and their socio-economic characteristics indicate very low levels of adaptation capacity.",Flood Risk Assessment and Management
Qwaqwa,1419,1425,GPE,spacy,W4392661189,"Based on these findings, mountain households along the Drakensberg Mountains in Qwaqwa villages are already experiencing the negative impacts of climate change and their socio-economic characteristics indicate very low levels of adaptation capacity.","Mountains are climate change hotspots and their ecosystems are key components in the supply of ecosystem goods and services to local communities. Low-income communities that directly depend on mountain resources are highly vulnerable to the harsh impacts of climate change. Using rainfall and temperature trends, and data collected from a household questionnaire survey, the objective of this study is to assess the impact of climate change on low-income households living in the Maluti-a-Phofung Municipality part of the Drakensberg Mountains. Climatic data were obtained from Climate Explorer while the household data were collected from a sample of 383 households in the villages of Qwaqwa. The results show that temperature and rainfall changes have significantly increased over a period of 120 years. About 51 percent of the respondents experienced extreme weather events which has the greatest impact on their households followed by drought (25.5%). Employment status was found to be significantly associated with the perception that hazards negatively impact natural resource availability, with 54% of those who had this perception being unemployed. In addition, income was found to have a significant relationship with extreme weather impacts on households and 60% of those households had a low monthly income of ZAR 2000 or less. Based on these findings, mountain households along the Drakensberg Mountains in Qwaqwa villages are already experiencing the negative impacts of climate change and their socio-economic characteristics indicate very low levels of adaptation capacity.",Flood Risk Assessment and Management
Azerbaijan,108,118,GPE,spacy,W4392907388,"The objective of this paper is to determine whether the flood-spreading system at the Tasuj station in east Azerbaijan, Iran, has caused inappropriate chemical alterations to the properties of the soil.","The objective of this paper is to determine whether the flood-spreading system at the Tasuj station in east Azerbaijan, Iran, has caused inappropriate chemical alterations to the properties of the soil. One question is whether the flood-spreading system was constructed at an inappropriate location leading to unintentional consequences. Composite soil samples were taken from three flooded areas, from three grids in each flooding area, and from two depths. Chemical characteristics of the soil including electrical conductivity, pH, concentrations of bicarbonate, chloride, sodium, calcium, and magnesium ions, and the sodium adsorption ratio in the flooded areas were measured. Because of calcareous, gypsum, shale, and marl formations in the first flooded area, dissolution of solutes of these formations increased the concentration of ions in the runoff (especially sodium and chlorine, to 19.50 and 21.90 mmol (charge) L−1, respectively). These high ion concentrations caused the electrical conductivity of the runoff to increase significantly (up to 2.03 dS/m) compared to the other areas. High amounts of lime in the soil caused increasing buffering capacity of the area soil, as a consequence the flood-spreading did not cause significant changes to the soil pH and showed a difference of only 0.3–0.2 in the first flooded area compared to other areas.",Groundwater and Isotope Geochemistry
Iran,120,124,GPE,spacy,W4392907388,"The objective of this paper is to determine whether the flood-spreading system at the Tasuj station in east Azerbaijan, Iran, has caused inappropriate chemical alterations to the properties of the soil.","The objective of this paper is to determine whether the flood-spreading system at the Tasuj station in east Azerbaijan, Iran, has caused inappropriate chemical alterations to the properties of the soil. One question is whether the flood-spreading system was constructed at an inappropriate location leading to unintentional consequences. Composite soil samples were taken from three flooded areas, from three grids in each flooding area, and from two depths. Chemical characteristics of the soil including electrical conductivity, pH, concentrations of bicarbonate, chloride, sodium, calcium, and magnesium ions, and the sodium adsorption ratio in the flooded areas were measured. Because of calcareous, gypsum, shale, and marl formations in the first flooded area, dissolution of solutes of these formations increased the concentration of ions in the runoff (especially sodium and chlorine, to 19.50 and 21.90 mmol (charge) L−1, respectively). These high ion concentrations caused the electrical conductivity of the runoff to increase significantly (up to 2.03 dS/m) compared to the other areas. High amounts of lime in the soil caused increasing buffering capacity of the area soil, as a consequence the flood-spreading did not cause significant changes to the soil pH and showed a difference of only 0.3–0.2 in the first flooded area compared to other areas.",Groundwater and Isotope Geochemistry
OA,835,837,GPE,spacy,W4391147960,"Evaluation through independent samples yields compelling results, with the paddy field map generated by the AF-OB method achieving an Overall Accuracy (OA) of 94.28%.","Accurate delineation of paddy fields holds importance in ensuring food security, efficient water resource management, and precise evaluation of greenhouse gas emissions. Here we propose an innovative approach, the Asynchronous Flooding and Object-Based (AF-OB) model, aimed at optimizing phenology-based paddy field mapping. The AF-OB model capitalizes on the asynchronous flooding phenomenon observed between paddy fields and non-paddy fields, along with the seasonal variations in the Normalized Difference Vegetation Index. The Simple Non-Iterative Clustering (SNIC) algorithm is integrated to mitigate the common issue of the “pretzel effect” encountered in paddy field mapping. Evaluation through independent samples yields compelling results, with the paddy field map generated by the AF-OB method achieving an Overall Accuracy (OA) of 94.28%. The paddy fields extracted using the AF-OB method exhibit alignment with statistical data, surpassing comparable algorithms relying on alternative land use products in terms of visual quality. Furthermore, the AF-OB model exhibits stability across time, space, and sensors, thus enhancing its applicability and robustness. The outputs of the AF-OB method offer reference data for informed agricultural production planning and the effective management of water resources.",Remote Sensing in Agriculture
Milwaukee River,938,953,LOC,spacy,W4394759328,"This study addressed this knowledge gap by using automated, high‐resolution sampling to track AP concentrations and fluxes during multiple storm events in an urban river (Milwaukee River) and comparing these measurements to commonly monitored water quality metrics.","Anthropogenic particles (AP), which include microplastics and other synthetic, semisynthetic, and anthropogenically modified materials, are pollutants of concern in aquatic ecosystems worldwide. Rivers are important conduits and retention sites for AP, and time series data on the movement of these particles in lotic ecosystems are needed to assess the role of rivers in the global AP cycle. Much research assessing AP pollution extrapolates stream loads based on single time point measurements, but lotic ecosystems are highly variable over time (e.g., seasonality and storm events). The accuracy of models describing AP dynamics in rivers is constrained by the limited studies that examine how frequent changes in discharge drive particle retention and transport. This study addressed this knowledge gap by using automated, high‐resolution sampling to track AP concentrations and fluxes during multiple storm events in an urban river (Milwaukee River) and comparing these measurements to commonly monitored water quality metrics. AP concentrations and fluxes varied significantly across four storm events, highlighting the temporal variability of AP dynamics. When data from the sampling periods were pooled, there were increases in particle concentration and flux during the early phases of the storms, suggesting that floods may flush AP into the river and/or resuspend particles from the benthic zone. AP flux was closely linked to river discharge, suggesting large loads of AP are delivered downstream during storms. Unexpectedly, AP concentrations were not correlated with other simultaneously measured water quality metrics, including total suspended solids, fecal coliforms, chloride, nitrate, and sulfate, indicating that these metrics cannot be used to estimate AP. These data will contribute to more accurate models of particle dynamics in rivers and global plastic export to oceans. Practitioner Points Anthropogenic particle (AP) concentrations and fluxes in an urban river varied across four storm events. AP concentrations and fluxes were the highest during the early phases of the storms. Storms increased AP transport downstream compared with baseflow. AP concentrations did not correlate with other water quality metrics during storms.",Microplastics and Plastic Pollution
Earth,54,59,LOC,spacy,W4398206546,Soil moisture is an essential climate variable of the Earth system.,"Soil moisture is an essential climate variable of the Earth system. Understanding its spatiotemporal dynamics is essential for predicting weather patterns and climate variability, monitoring and mitigating the effects and occurrence of droughts and floods, improving irrigation in agricultural areas, and sustainably managing water resources. Here we review in depth how soils can remember information on soil moisture anomalies over time, as embedded in the concept of soil moisture memory (SMM). We explain the mechanisms underlying SMM and explore its external and internal drivers; we also discuss the impacts of SMM on different land surface processes, focusing on soil‐plant‐atmosphere coupling. We explore the spatiotemporal variability, seasonality, locality, and depth‐dependence of SMM and provide insights into both improving its characterization in land surface models and using satellite observations to quantify it. Finally, we offer guidance for further research on SMM.",Soil Moisture and Remote Sensing
the Caspian Sea,112,127,LOC,spacy,W4396811791,During the Quaternary sedimentation in the southern part of the Caspian Lowland was influenced significantly by the Caspian Sea.,"During the Quaternary sedimentation in the southern part of the Caspian Lowland was influenced significantly by the Caspian Sea. This is expressed both in accumulation of marine/lagoon sediments as a result of transgressive phases, as well as erosion of sediments, which leads to an incompleteness in the geological record. The most detailed record of Later Quaternary sedimentation is found in the Lower Volga region, where a series of Caspian Sea transgressions, Volga River alluvium and loess-palaeosol series provide an excellent archive of the evolution of the climate and landscapes of the past. We have studied one of the reference sections, at Chernyy Yar, in which a series of major stages of regional sedimentations is recorded. Description of the Late Quaternary sediments and luminescence dating allowed us to obtain, for the first time, a detailed chronostratigraphy for the southern part of the Lower Volga. Our results show that the quartz OSL and feldspar pIRIR50,290 signals were sufficiently bleached before deposition and uncertainties in bleaching have a negligible impact on the reliability of the luminescence ages. The new luminescence chronology described here, based on quartz OSL and K-feldspar pIRIR290 ages, suggests five major stages during the Late Quaternary: (1) a stable alluvial sedimentation of the Volga River between 130 and 105 ka (MIS 5e/d), when the thick Chernyyar alluvial suite formed regionally during the Late Khazarian transgression of the Caspian Sea; (2) a stage when the retreat of the Khazarian transgression formed a very broad floodplain about 85 ka ago, and promoted Volga channel incision. New findings shows that the Atelian regression – a major event in the Late Quaternary of the Caspian Sea – began after ∼60 ka; (3) subaerial sedimentation during MIS 4 with evidence of cryogenic processes at ∼40 ka, reliably dated for the first time in this southern part of the East European Plain; (4) about 24 ka ago, the largest Late Quaternary Khvalynian transgression reached the Chernyy Yar; (5) after the subsequent regression at ∼14-15 ka some part of the marine record was eroded and the Holocene kastanozem soil formed.",Marine and environmental studies
Lower Volga,399,410,LOC,spacy,W4396811791,"The most detailed record of Later Quaternary sedimentation is found in the Lower Volga region, where a series of Caspian Sea transgressions, Volga River alluvium and loess-palaeosol series provide an excellent archive of the evolution of the climate and landscapes of the past.","During the Quaternary sedimentation in the southern part of the Caspian Lowland was influenced significantly by the Caspian Sea. This is expressed both in accumulation of marine/lagoon sediments as a result of transgressive phases, as well as erosion of sediments, which leads to an incompleteness in the geological record. The most detailed record of Later Quaternary sedimentation is found in the Lower Volga region, where a series of Caspian Sea transgressions, Volga River alluvium and loess-palaeosol series provide an excellent archive of the evolution of the climate and landscapes of the past. We have studied one of the reference sections, at Chernyy Yar, in which a series of major stages of regional sedimentations is recorded. Description of the Late Quaternary sediments and luminescence dating allowed us to obtain, for the first time, a detailed chronostratigraphy for the southern part of the Lower Volga. Our results show that the quartz OSL and feldspar pIRIR50,290 signals were sufficiently bleached before deposition and uncertainties in bleaching have a negligible impact on the reliability of the luminescence ages. The new luminescence chronology described here, based on quartz OSL and K-feldspar pIRIR290 ages, suggests five major stages during the Late Quaternary: (1) a stable alluvial sedimentation of the Volga River between 130 and 105 ka (MIS 5e/d), when the thick Chernyyar alluvial suite formed regionally during the Late Khazarian transgression of the Caspian Sea; (2) a stage when the retreat of the Khazarian transgression formed a very broad floodplain about 85 ka ago, and promoted Volga channel incision. New findings shows that the Atelian regression – a major event in the Late Quaternary of the Caspian Sea – began after ∼60 ka; (3) subaerial sedimentation during MIS 4 with evidence of cryogenic processes at ∼40 ka, reliably dated for the first time in this southern part of the East European Plain; (4) about 24 ka ago, the largest Late Quaternary Khvalynian transgression reached the Chernyy Yar; (5) after the subsequent regression at ∼14-15 ka some part of the marine record was eroded and the Holocene kastanozem soil formed.",Marine and environmental studies
Caspian Sea,437,448,LOC,spacy,W4396811791,"The most detailed record of Later Quaternary sedimentation is found in the Lower Volga region, where a series of Caspian Sea transgressions, Volga River alluvium and loess-palaeosol series provide an excellent archive of the evolution of the climate and landscapes of the past.","During the Quaternary sedimentation in the southern part of the Caspian Lowland was influenced significantly by the Caspian Sea. This is expressed both in accumulation of marine/lagoon sediments as a result of transgressive phases, as well as erosion of sediments, which leads to an incompleteness in the geological record. The most detailed record of Later Quaternary sedimentation is found in the Lower Volga region, where a series of Caspian Sea transgressions, Volga River alluvium and loess-palaeosol series provide an excellent archive of the evolution of the climate and landscapes of the past. We have studied one of the reference sections, at Chernyy Yar, in which a series of major stages of regional sedimentations is recorded. Description of the Late Quaternary sediments and luminescence dating allowed us to obtain, for the first time, a detailed chronostratigraphy for the southern part of the Lower Volga. Our results show that the quartz OSL and feldspar pIRIR50,290 signals were sufficiently bleached before deposition and uncertainties in bleaching have a negligible impact on the reliability of the luminescence ages. The new luminescence chronology described here, based on quartz OSL and K-feldspar pIRIR290 ages, suggests five major stages during the Late Quaternary: (1) a stable alluvial sedimentation of the Volga River between 130 and 105 ka (MIS 5e/d), when the thick Chernyyar alluvial suite formed regionally during the Late Khazarian transgression of the Caspian Sea; (2) a stage when the retreat of the Khazarian transgression formed a very broad floodplain about 85 ka ago, and promoted Volga channel incision. New findings shows that the Atelian regression – a major event in the Late Quaternary of the Caspian Sea – began after ∼60 ka; (3) subaerial sedimentation during MIS 4 with evidence of cryogenic processes at ∼40 ka, reliably dated for the first time in this southern part of the East European Plain; (4) about 24 ka ago, the largest Late Quaternary Khvalynian transgression reached the Chernyy Yar; (5) after the subsequent regression at ∼14-15 ka some part of the marine record was eroded and the Holocene kastanozem soil formed.",Marine and environmental studies
Volga River,465,476,LOC,spacy,W4396811791,"The most detailed record of Later Quaternary sedimentation is found in the Lower Volga region, where a series of Caspian Sea transgressions, Volga River alluvium and loess-palaeosol series provide an excellent archive of the evolution of the climate and landscapes of the past.","During the Quaternary sedimentation in the southern part of the Caspian Lowland was influenced significantly by the Caspian Sea. This is expressed both in accumulation of marine/lagoon sediments as a result of transgressive phases, as well as erosion of sediments, which leads to an incompleteness in the geological record. The most detailed record of Later Quaternary sedimentation is found in the Lower Volga region, where a series of Caspian Sea transgressions, Volga River alluvium and loess-palaeosol series provide an excellent archive of the evolution of the climate and landscapes of the past. We have studied one of the reference sections, at Chernyy Yar, in which a series of major stages of regional sedimentations is recorded. Description of the Late Quaternary sediments and luminescence dating allowed us to obtain, for the first time, a detailed chronostratigraphy for the southern part of the Lower Volga. Our results show that the quartz OSL and feldspar pIRIR50,290 signals were sufficiently bleached before deposition and uncertainties in bleaching have a negligible impact on the reliability of the luminescence ages. The new luminescence chronology described here, based on quartz OSL and K-feldspar pIRIR290 ages, suggests five major stages during the Late Quaternary: (1) a stable alluvial sedimentation of the Volga River between 130 and 105 ka (MIS 5e/d), when the thick Chernyyar alluvial suite formed regionally during the Late Khazarian transgression of the Caspian Sea; (2) a stage when the retreat of the Khazarian transgression formed a very broad floodplain about 85 ka ago, and promoted Volga channel incision. New findings shows that the Atelian regression – a major event in the Late Quaternary of the Caspian Sea – began after ∼60 ka; (3) subaerial sedimentation during MIS 4 with evidence of cryogenic processes at ∼40 ka, reliably dated for the first time in this southern part of the East European Plain; (4) about 24 ka ago, the largest Late Quaternary Khvalynian transgression reached the Chernyy Yar; (5) after the subsequent regression at ∼14-15 ka some part of the marine record was eroded and the Holocene kastanozem soil formed.",Marine and environmental studies
the Lower Volga,905,920,FAC,spacy,W4396811791,"Description of the Late Quaternary sediments and luminescence dating allowed us to obtain, for the first time, a detailed chronostratigraphy for the southern part of the Lower Volga.","During the Quaternary sedimentation in the southern part of the Caspian Lowland was influenced significantly by the Caspian Sea. This is expressed both in accumulation of marine/lagoon sediments as a result of transgressive phases, as well as erosion of sediments, which leads to an incompleteness in the geological record. The most detailed record of Later Quaternary sedimentation is found in the Lower Volga region, where a series of Caspian Sea transgressions, Volga River alluvium and loess-palaeosol series provide an excellent archive of the evolution of the climate and landscapes of the past. We have studied one of the reference sections, at Chernyy Yar, in which a series of major stages of regional sedimentations is recorded. Description of the Late Quaternary sediments and luminescence dating allowed us to obtain, for the first time, a detailed chronostratigraphy for the southern part of the Lower Volga. Our results show that the quartz OSL and feldspar pIRIR50,290 signals were sufficiently bleached before deposition and uncertainties in bleaching have a negligible impact on the reliability of the luminescence ages. The new luminescence chronology described here, based on quartz OSL and K-feldspar pIRIR290 ages, suggests five major stages during the Late Quaternary: (1) a stable alluvial sedimentation of the Volga River between 130 and 105 ka (MIS 5e/d), when the thick Chernyyar alluvial suite formed regionally during the Late Khazarian transgression of the Caspian Sea; (2) a stage when the retreat of the Khazarian transgression formed a very broad floodplain about 85 ka ago, and promoted Volga channel incision. New findings shows that the Atelian regression – a major event in the Late Quaternary of the Caspian Sea – began after ∼60 ka; (3) subaerial sedimentation during MIS 4 with evidence of cryogenic processes at ∼40 ka, reliably dated for the first time in this southern part of the East European Plain; (4) about 24 ka ago, the largest Late Quaternary Khvalynian transgression reached the Chernyy Yar; (5) after the subsequent regression at ∼14-15 ka some part of the marine record was eroded and the Holocene kastanozem soil formed.",Marine and environmental studies
pIRIR290,1221,1229,GPE,spacy,W4396811791,"The new luminescence chronology described here, based on quartz OSL and K-feldspar pIRIR290 ages, suggests five major stages during the Late Quaternary: (1) a stable alluvial sedimentation of the Volga River between 130 and 105 ka (MIS 5e/d), when the thick Chernyyar alluvial suite formed regionally during the Late Khazarian transgression of the Caspian Sea; (2) a stage when the retreat of the Khazarian transgression formed a very broad floodplain about 85 ka ago, and promoted Volga channel incision.","During the Quaternary sedimentation in the southern part of the Caspian Lowland was influenced significantly by the Caspian Sea. This is expressed both in accumulation of marine/lagoon sediments as a result of transgressive phases, as well as erosion of sediments, which leads to an incompleteness in the geological record. The most detailed record of Later Quaternary sedimentation is found in the Lower Volga region, where a series of Caspian Sea transgressions, Volga River alluvium and loess-palaeosol series provide an excellent archive of the evolution of the climate and landscapes of the past. We have studied one of the reference sections, at Chernyy Yar, in which a series of major stages of regional sedimentations is recorded. Description of the Late Quaternary sediments and luminescence dating allowed us to obtain, for the first time, a detailed chronostratigraphy for the southern part of the Lower Volga. Our results show that the quartz OSL and feldspar pIRIR50,290 signals were sufficiently bleached before deposition and uncertainties in bleaching have a negligible impact on the reliability of the luminescence ages. The new luminescence chronology described here, based on quartz OSL and K-feldspar pIRIR290 ages, suggests five major stages during the Late Quaternary: (1) a stable alluvial sedimentation of the Volga River between 130 and 105 ka (MIS 5e/d), when the thick Chernyyar alluvial suite formed regionally during the Late Khazarian transgression of the Caspian Sea; (2) a stage when the retreat of the Khazarian transgression formed a very broad floodplain about 85 ka ago, and promoted Volga channel incision. New findings shows that the Atelian regression – a major event in the Late Quaternary of the Caspian Sea – began after ∼60 ka; (3) subaerial sedimentation during MIS 4 with evidence of cryogenic processes at ∼40 ka, reliably dated for the first time in this southern part of the East European Plain; (4) about 24 ka ago, the largest Late Quaternary Khvalynian transgression reached the Chernyy Yar; (5) after the subsequent regression at ∼14-15 ka some part of the marine record was eroded and the Holocene kastanozem soil formed.",Marine and environmental studies
the Volga River,1330,1345,LOC,spacy,W4396811791,"The new luminescence chronology described here, based on quartz OSL and K-feldspar pIRIR290 ages, suggests five major stages during the Late Quaternary: (1) a stable alluvial sedimentation of the Volga River between 130 and 105 ka (MIS 5e/d), when the thick Chernyyar alluvial suite formed regionally during the Late Khazarian transgression of the Caspian Sea; (2) a stage when the retreat of the Khazarian transgression formed a very broad floodplain about 85 ka ago, and promoted Volga channel incision.","During the Quaternary sedimentation in the southern part of the Caspian Lowland was influenced significantly by the Caspian Sea. This is expressed both in accumulation of marine/lagoon sediments as a result of transgressive phases, as well as erosion of sediments, which leads to an incompleteness in the geological record. The most detailed record of Later Quaternary sedimentation is found in the Lower Volga region, where a series of Caspian Sea transgressions, Volga River alluvium and loess-palaeosol series provide an excellent archive of the evolution of the climate and landscapes of the past. We have studied one of the reference sections, at Chernyy Yar, in which a series of major stages of regional sedimentations is recorded. Description of the Late Quaternary sediments and luminescence dating allowed us to obtain, for the first time, a detailed chronostratigraphy for the southern part of the Lower Volga. Our results show that the quartz OSL and feldspar pIRIR50,290 signals were sufficiently bleached before deposition and uncertainties in bleaching have a negligible impact on the reliability of the luminescence ages. The new luminescence chronology described here, based on quartz OSL and K-feldspar pIRIR290 ages, suggests five major stages during the Late Quaternary: (1) a stable alluvial sedimentation of the Volga River between 130 and 105 ka (MIS 5e/d), when the thick Chernyyar alluvial suite formed regionally during the Late Khazarian transgression of the Caspian Sea; (2) a stage when the retreat of the Khazarian transgression formed a very broad floodplain about 85 ka ago, and promoted Volga channel incision. New findings shows that the Atelian regression – a major event in the Late Quaternary of the Caspian Sea – began after ∼60 ka; (3) subaerial sedimentation during MIS 4 with evidence of cryogenic processes at ∼40 ka, reliably dated for the first time in this southern part of the East European Plain; (4) about 24 ka ago, the largest Late Quaternary Khvalynian transgression reached the Chernyy Yar; (5) after the subsequent regression at ∼14-15 ka some part of the marine record was eroded and the Holocene kastanozem soil formed.",Marine and environmental studies
the Caspian Sea,1482,1497,LOC,spacy,W4396811791,"The new luminescence chronology described here, based on quartz OSL and K-feldspar pIRIR290 ages, suggests five major stages during the Late Quaternary: (1) a stable alluvial sedimentation of the Volga River between 130 and 105 ka (MIS 5e/d), when the thick Chernyyar alluvial suite formed regionally during the Late Khazarian transgression of the Caspian Sea; (2) a stage when the retreat of the Khazarian transgression formed a very broad floodplain about 85 ka ago, and promoted Volga channel incision.","During the Quaternary sedimentation in the southern part of the Caspian Lowland was influenced significantly by the Caspian Sea. This is expressed both in accumulation of marine/lagoon sediments as a result of transgressive phases, as well as erosion of sediments, which leads to an incompleteness in the geological record. The most detailed record of Later Quaternary sedimentation is found in the Lower Volga region, where a series of Caspian Sea transgressions, Volga River alluvium and loess-palaeosol series provide an excellent archive of the evolution of the climate and landscapes of the past. We have studied one of the reference sections, at Chernyy Yar, in which a series of major stages of regional sedimentations is recorded. Description of the Late Quaternary sediments and luminescence dating allowed us to obtain, for the first time, a detailed chronostratigraphy for the southern part of the Lower Volga. Our results show that the quartz OSL and feldspar pIRIR50,290 signals were sufficiently bleached before deposition and uncertainties in bleaching have a negligible impact on the reliability of the luminescence ages. The new luminescence chronology described here, based on quartz OSL and K-feldspar pIRIR290 ages, suggests five major stages during the Late Quaternary: (1) a stable alluvial sedimentation of the Volga River between 130 and 105 ka (MIS 5e/d), when the thick Chernyyar alluvial suite formed regionally during the Late Khazarian transgression of the Caspian Sea; (2) a stage when the retreat of the Khazarian transgression formed a very broad floodplain about 85 ka ago, and promoted Volga channel incision. New findings shows that the Atelian regression – a major event in the Late Quaternary of the Caspian Sea – began after ∼60 ka; (3) subaerial sedimentation during MIS 4 with evidence of cryogenic processes at ∼40 ka, reliably dated for the first time in this southern part of the East European Plain; (4) about 24 ka ago, the largest Late Quaternary Khvalynian transgression reached the Chernyy Yar; (5) after the subsequent regression at ∼14-15 ka some part of the marine record was eroded and the Holocene kastanozem soil formed.",Marine and environmental studies
the East European Plain,1919,1942,LOC,spacy,W4396811791,"New findings shows that the Atelian regression – a major event in the Late Quaternary of the Caspian Sea – began after ∼60 ka; (3) subaerial sedimentation during MIS 4 with evidence of cryogenic processes at ∼40 ka, reliably dated for the first time in this southern part of the East European Plain; (4) about 24 ka ago, the largest Late Quaternary Khvalynian transgression reached the Chernyy Yar; (5) after the subsequent regression at ∼14-15 ka some part of the marine record was eroded and the Holocene kastanozem soil formed.","During the Quaternary sedimentation in the southern part of the Caspian Lowland was influenced significantly by the Caspian Sea. This is expressed both in accumulation of marine/lagoon sediments as a result of transgressive phases, as well as erosion of sediments, which leads to an incompleteness in the geological record. The most detailed record of Later Quaternary sedimentation is found in the Lower Volga region, where a series of Caspian Sea transgressions, Volga River alluvium and loess-palaeosol series provide an excellent archive of the evolution of the climate and landscapes of the past. We have studied one of the reference sections, at Chernyy Yar, in which a series of major stages of regional sedimentations is recorded. Description of the Late Quaternary sediments and luminescence dating allowed us to obtain, for the first time, a detailed chronostratigraphy for the southern part of the Lower Volga. Our results show that the quartz OSL and feldspar pIRIR50,290 signals were sufficiently bleached before deposition and uncertainties in bleaching have a negligible impact on the reliability of the luminescence ages. The new luminescence chronology described here, based on quartz OSL and K-feldspar pIRIR290 ages, suggests five major stages during the Late Quaternary: (1) a stable alluvial sedimentation of the Volga River between 130 and 105 ka (MIS 5e/d), when the thick Chernyyar alluvial suite formed regionally during the Late Khazarian transgression of the Caspian Sea; (2) a stage when the retreat of the Khazarian transgression formed a very broad floodplain about 85 ka ago, and promoted Volga channel incision. New findings shows that the Atelian regression – a major event in the Late Quaternary of the Caspian Sea – began after ∼60 ka; (3) subaerial sedimentation during MIS 4 with evidence of cryogenic processes at ∼40 ka, reliably dated for the first time in this southern part of the East European Plain; (4) about 24 ka ago, the largest Late Quaternary Khvalynian transgression reached the Chernyy Yar; (5) after the subsequent regression at ∼14-15 ka some part of the marine record was eroded and the Holocene kastanozem soil formed.",Marine and environmental studies
Spain,46,51,GPE,spacy,W4396835045,The coastal sedimentary record of Galicia (NW Spain) is important to study sea-level oscillations during the Late Quaternary.,"The coastal sedimentary record of Galicia (NW Spain) is important to study sea-level oscillations during the Late Quaternary. The alluvial deposits preserved in the Ria de Coruña and Ria de Arousa are remnants of fluvial valleys flooded by the sea during the successive Pleistocene and Holocene transgressions. A first chronological study by Optical Stimulated Luminescence (OSL)- revealed a fast-component dominated, but dim OSL signal emitted by quartz from this area. Equivalent dose distributions, as obtained with the Analyst software, yielded large overdispersion values, which were negatively correlated to the potassium concentration in the sediment, thus suggesting the influence of beta dose rate heterogeneities. Nevertheless, for most samples many aliquots were considered in saturation, leading to a palaeodose and age underestimation – regardless of the model choice for age calculation. In this paper, we present new analyses using the open-source R package BayLum, as the so-called saturated aliquots may be incorporated in age calculation. Thus, we test this model performance and more commonly used models in retrieving large doses. Then, we discuss the implications for age calculation for these continental sediments formed during the Late Pleistocene.",Geology and Paleoclimatology Research
the Late Quaternary,105,124,FAC,spacy,W4396835045,The coastal sedimentary record of Galicia (NW Spain) is important to study sea-level oscillations during the Late Quaternary.,"The coastal sedimentary record of Galicia (NW Spain) is important to study sea-level oscillations during the Late Quaternary. The alluvial deposits preserved in the Ria de Coruña and Ria de Arousa are remnants of fluvial valleys flooded by the sea during the successive Pleistocene and Holocene transgressions. A first chronological study by Optical Stimulated Luminescence (OSL)- revealed a fast-component dominated, but dim OSL signal emitted by quartz from this area. Equivalent dose distributions, as obtained with the Analyst software, yielded large overdispersion values, which were negatively correlated to the potassium concentration in the sediment, thus suggesting the influence of beta dose rate heterogeneities. Nevertheless, for most samples many aliquots were considered in saturation, leading to a palaeodose and age underestimation – regardless of the model choice for age calculation. In this paper, we present new analyses using the open-source R package BayLum, as the so-called saturated aliquots may be incorporated in age calculation. Thus, we test this model performance and more commonly used models in retrieving large doses. Then, we discuss the implications for age calculation for these continental sediments formed during the Late Pleistocene.",Geology and Paleoclimatology Research
the Late Pleistocene,1251,1271,LOC,spacy,W4396835045,"Then, we discuss the implications for age calculation for these continental sediments formed during the Late Pleistocene.","The coastal sedimentary record of Galicia (NW Spain) is important to study sea-level oscillations during the Late Quaternary. The alluvial deposits preserved in the Ria de Coruña and Ria de Arousa are remnants of fluvial valleys flooded by the sea during the successive Pleistocene and Holocene transgressions. A first chronological study by Optical Stimulated Luminescence (OSL)- revealed a fast-component dominated, but dim OSL signal emitted by quartz from this area. Equivalent dose distributions, as obtained with the Analyst software, yielded large overdispersion values, which were negatively correlated to the potassium concentration in the sediment, thus suggesting the influence of beta dose rate heterogeneities. Nevertheless, for most samples many aliquots were considered in saturation, leading to a palaeodose and age underestimation – regardless of the model choice for age calculation. In this paper, we present new analyses using the open-source R package BayLum, as the so-called saturated aliquots may be incorporated in age calculation. Thus, we test this model performance and more commonly used models in retrieving large doses. Then, we discuss the implications for age calculation for these continental sediments formed during the Late Pleistocene.",Geology and Paleoclimatology Research
The Anambra Basin,0,17,LOC,spacy,W4404607471,"The Anambra Basin of Nigeria, part of the larger West and Central African Rift System (WCARS) across Africa, contains primarily Cretaceous to Palaeocene shallow to marginal marine and freshwater sedimentary deposits.","The Anambra Basin of Nigeria, part of the larger West and Central African Rift System (WCARS) across Africa, contains primarily Cretaceous to Palaeocene shallow to marginal marine and freshwater sedimentary deposits. The organic‐rich deposits of the Cretaceous Nkporo and Mamu formations within the Anambra Basin and the Palaeocene Imo Formation of the Niger Delta Basin constitute important conventional source rocks. Despite its economic significance, research on organic matter characterisation, palynofacies, sea‐level fluctuations, palaeoclimate, hydrogeography, basin restriction, palaeobathymetry and the factors controlling organic matter preservation remains largely undocumented. The here presented new inorganic and organic geochemical and organic petrography data of the Cretaceous to Palaeocene deposits serve to refine the regional interpretation at a basinal scale and within the supra‐regional context of the WCARS. Geochemical palaeotemperature proxies suggest a warm and humid tropical palaeoclimate during the Late Cretaceous within the study area. Furthermore, the measured TOC values indicate poor to very good organic content. Palynofacies analysis revealed high abundances of opaque and translucent phytoclasts and low amounts of palynomorphs with negligible amorphous organic matter (AOM) in the studied mudrocks. Two palynofacies groups suggest shallow‐marine conditions in a proximal shelf setting and a heterolithic oxic basin. The palynofacies of the upper Imo Formation reveal higher percentages of dinoflagellate cysts during the early highstand phase, with equidimensional, opaque phytoclasts representing the maximum flooding phase, accompanied by warmer conditions. Additionally, abundant terrestrial phytoclasts, Deltoidospora spp., Classopollis spp. and geochemical indicators collectively indicate warm tropical climatic conditions consistent with geochemical interpretations. The palaeobathymetry reconstructions suggest a shallow seaway during the Upper Cretaceous in the Anambra Basin.",Paleontology and Stratigraphy of Fossils
Nigeria,21,28,GPE,spacy,W4404607471,"The Anambra Basin of Nigeria, part of the larger West and Central African Rift System (WCARS) across Africa, contains primarily Cretaceous to Palaeocene shallow to marginal marine and freshwater sedimentary deposits.","The Anambra Basin of Nigeria, part of the larger West and Central African Rift System (WCARS) across Africa, contains primarily Cretaceous to Palaeocene shallow to marginal marine and freshwater sedimentary deposits. The organic‐rich deposits of the Cretaceous Nkporo and Mamu formations within the Anambra Basin and the Palaeocene Imo Formation of the Niger Delta Basin constitute important conventional source rocks. Despite its economic significance, research on organic matter characterisation, palynofacies, sea‐level fluctuations, palaeoclimate, hydrogeography, basin restriction, palaeobathymetry and the factors controlling organic matter preservation remains largely undocumented. The here presented new inorganic and organic geochemical and organic petrography data of the Cretaceous to Palaeocene deposits serve to refine the regional interpretation at a basinal scale and within the supra‐regional context of the WCARS. Geochemical palaeotemperature proxies suggest a warm and humid tropical palaeoclimate during the Late Cretaceous within the study area. Furthermore, the measured TOC values indicate poor to very good organic content. Palynofacies analysis revealed high abundances of opaque and translucent phytoclasts and low amounts of palynomorphs with negligible amorphous organic matter (AOM) in the studied mudrocks. Two palynofacies groups suggest shallow‐marine conditions in a proximal shelf setting and a heterolithic oxic basin. The palynofacies of the upper Imo Formation reveal higher percentages of dinoflagellate cysts during the early highstand phase, with equidimensional, opaque phytoclasts representing the maximum flooding phase, accompanied by warmer conditions. Additionally, abundant terrestrial phytoclasts, Deltoidospora spp., Classopollis spp. and geochemical indicators collectively indicate warm tropical climatic conditions consistent with geochemical interpretations. The palaeobathymetry reconstructions suggest a shallow seaway during the Upper Cretaceous in the Anambra Basin.",Paleontology and Stratigraphy of Fossils
West,49,53,LOC,spacy,W4404607471,"The Anambra Basin of Nigeria, part of the larger West and Central African Rift System (WCARS) across Africa, contains primarily Cretaceous to Palaeocene shallow to marginal marine and freshwater sedimentary deposits.","The Anambra Basin of Nigeria, part of the larger West and Central African Rift System (WCARS) across Africa, contains primarily Cretaceous to Palaeocene shallow to marginal marine and freshwater sedimentary deposits. The organic‐rich deposits of the Cretaceous Nkporo and Mamu formations within the Anambra Basin and the Palaeocene Imo Formation of the Niger Delta Basin constitute important conventional source rocks. Despite its economic significance, research on organic matter characterisation, palynofacies, sea‐level fluctuations, palaeoclimate, hydrogeography, basin restriction, palaeobathymetry and the factors controlling organic matter preservation remains largely undocumented. The here presented new inorganic and organic geochemical and organic petrography data of the Cretaceous to Palaeocene deposits serve to refine the regional interpretation at a basinal scale and within the supra‐regional context of the WCARS. Geochemical palaeotemperature proxies suggest a warm and humid tropical palaeoclimate during the Late Cretaceous within the study area. Furthermore, the measured TOC values indicate poor to very good organic content. Palynofacies analysis revealed high abundances of opaque and translucent phytoclasts and low amounts of palynomorphs with negligible amorphous organic matter (AOM) in the studied mudrocks. Two palynofacies groups suggest shallow‐marine conditions in a proximal shelf setting and a heterolithic oxic basin. The palynofacies of the upper Imo Formation reveal higher percentages of dinoflagellate cysts during the early highstand phase, with equidimensional, opaque phytoclasts representing the maximum flooding phase, accompanied by warmer conditions. Additionally, abundant terrestrial phytoclasts, Deltoidospora spp., Classopollis spp. and geochemical indicators collectively indicate warm tropical climatic conditions consistent with geochemical interpretations. The palaeobathymetry reconstructions suggest a shallow seaway during the Upper Cretaceous in the Anambra Basin.",Paleontology and Stratigraphy of Fossils
Africa,101,107,LOC,spacy,W4404607471,"The Anambra Basin of Nigeria, part of the larger West and Central African Rift System (WCARS) across Africa, contains primarily Cretaceous to Palaeocene shallow to marginal marine and freshwater sedimentary deposits.","The Anambra Basin of Nigeria, part of the larger West and Central African Rift System (WCARS) across Africa, contains primarily Cretaceous to Palaeocene shallow to marginal marine and freshwater sedimentary deposits. The organic‐rich deposits of the Cretaceous Nkporo and Mamu formations within the Anambra Basin and the Palaeocene Imo Formation of the Niger Delta Basin constitute important conventional source rocks. Despite its economic significance, research on organic matter characterisation, palynofacies, sea‐level fluctuations, palaeoclimate, hydrogeography, basin restriction, palaeobathymetry and the factors controlling organic matter preservation remains largely undocumented. The here presented new inorganic and organic geochemical and organic petrography data of the Cretaceous to Palaeocene deposits serve to refine the regional interpretation at a basinal scale and within the supra‐regional context of the WCARS. Geochemical palaeotemperature proxies suggest a warm and humid tropical palaeoclimate during the Late Cretaceous within the study area. Furthermore, the measured TOC values indicate poor to very good organic content. Palynofacies analysis revealed high abundances of opaque and translucent phytoclasts and low amounts of palynomorphs with negligible amorphous organic matter (AOM) in the studied mudrocks. Two palynofacies groups suggest shallow‐marine conditions in a proximal shelf setting and a heterolithic oxic basin. The palynofacies of the upper Imo Formation reveal higher percentages of dinoflagellate cysts during the early highstand phase, with equidimensional, opaque phytoclasts representing the maximum flooding phase, accompanied by warmer conditions. Additionally, abundant terrestrial phytoclasts, Deltoidospora spp., Classopollis spp. and geochemical indicators collectively indicate warm tropical climatic conditions consistent with geochemical interpretations. The palaeobathymetry reconstructions suggest a shallow seaway during the Upper Cretaceous in the Anambra Basin.",Paleontology and Stratigraphy of Fossils
the Anambra Basin,295,312,LOC,spacy,W4404607471,The organic‐rich deposits of the Cretaceous Nkporo and Mamu formations within the Anambra Basin and the Palaeocene Imo Formation of the Niger Delta Basin constitute important conventional source rocks.,"The Anambra Basin of Nigeria, part of the larger West and Central African Rift System (WCARS) across Africa, contains primarily Cretaceous to Palaeocene shallow to marginal marine and freshwater sedimentary deposits. The organic‐rich deposits of the Cretaceous Nkporo and Mamu formations within the Anambra Basin and the Palaeocene Imo Formation of the Niger Delta Basin constitute important conventional source rocks. Despite its economic significance, research on organic matter characterisation, palynofacies, sea‐level fluctuations, palaeoclimate, hydrogeography, basin restriction, palaeobathymetry and the factors controlling organic matter preservation remains largely undocumented. The here presented new inorganic and organic geochemical and organic petrography data of the Cretaceous to Palaeocene deposits serve to refine the regional interpretation at a basinal scale and within the supra‐regional context of the WCARS. Geochemical palaeotemperature proxies suggest a warm and humid tropical palaeoclimate during the Late Cretaceous within the study area. Furthermore, the measured TOC values indicate poor to very good organic content. Palynofacies analysis revealed high abundances of opaque and translucent phytoclasts and low amounts of palynomorphs with negligible amorphous organic matter (AOM) in the studied mudrocks. Two palynofacies groups suggest shallow‐marine conditions in a proximal shelf setting and a heterolithic oxic basin. The palynofacies of the upper Imo Formation reveal higher percentages of dinoflagellate cysts during the early highstand phase, with equidimensional, opaque phytoclasts representing the maximum flooding phase, accompanied by warmer conditions. Additionally, abundant terrestrial phytoclasts, Deltoidospora spp., Classopollis spp. and geochemical indicators collectively indicate warm tropical climatic conditions consistent with geochemical interpretations. The palaeobathymetry reconstructions suggest a shallow seaway during the Upper Cretaceous in the Anambra Basin.",Paleontology and Stratigraphy of Fossils
the Niger Delta Basin,349,370,LOC,spacy,W4404607471,The organic‐rich deposits of the Cretaceous Nkporo and Mamu formations within the Anambra Basin and the Palaeocene Imo Formation of the Niger Delta Basin constitute important conventional source rocks.,"The Anambra Basin of Nigeria, part of the larger West and Central African Rift System (WCARS) across Africa, contains primarily Cretaceous to Palaeocene shallow to marginal marine and freshwater sedimentary deposits. The organic‐rich deposits of the Cretaceous Nkporo and Mamu formations within the Anambra Basin and the Palaeocene Imo Formation of the Niger Delta Basin constitute important conventional source rocks. Despite its economic significance, research on organic matter characterisation, palynofacies, sea‐level fluctuations, palaeoclimate, hydrogeography, basin restriction, palaeobathymetry and the factors controlling organic matter preservation remains largely undocumented. The here presented new inorganic and organic geochemical and organic petrography data of the Cretaceous to Palaeocene deposits serve to refine the regional interpretation at a basinal scale and within the supra‐regional context of the WCARS. Geochemical palaeotemperature proxies suggest a warm and humid tropical palaeoclimate during the Late Cretaceous within the study area. Furthermore, the measured TOC values indicate poor to very good organic content. Palynofacies analysis revealed high abundances of opaque and translucent phytoclasts and low amounts of palynomorphs with negligible amorphous organic matter (AOM) in the studied mudrocks. Two palynofacies groups suggest shallow‐marine conditions in a proximal shelf setting and a heterolithic oxic basin. The palynofacies of the upper Imo Formation reveal higher percentages of dinoflagellate cysts during the early highstand phase, with equidimensional, opaque phytoclasts representing the maximum flooding phase, accompanied by warmer conditions. Additionally, abundant terrestrial phytoclasts, Deltoidospora spp., Classopollis spp. and geochemical indicators collectively indicate warm tropical climatic conditions consistent with geochemical interpretations. The palaeobathymetry reconstructions suggest a shallow seaway during the Upper Cretaceous in the Anambra Basin.",Paleontology and Stratigraphy of Fossils
the Upper Cretaceous,1982,2002,FAC,spacy,W4404607471,The palaeobathymetry reconstructions suggest a shallow seaway during the Upper Cretaceous in the Anambra Basin.,"The Anambra Basin of Nigeria, part of the larger West and Central African Rift System (WCARS) across Africa, contains primarily Cretaceous to Palaeocene shallow to marginal marine and freshwater sedimentary deposits. The organic‐rich deposits of the Cretaceous Nkporo and Mamu formations within the Anambra Basin and the Palaeocene Imo Formation of the Niger Delta Basin constitute important conventional source rocks. Despite its economic significance, research on organic matter characterisation, palynofacies, sea‐level fluctuations, palaeoclimate, hydrogeography, basin restriction, palaeobathymetry and the factors controlling organic matter preservation remains largely undocumented. The here presented new inorganic and organic geochemical and organic petrography data of the Cretaceous to Palaeocene deposits serve to refine the regional interpretation at a basinal scale and within the supra‐regional context of the WCARS. Geochemical palaeotemperature proxies suggest a warm and humid tropical palaeoclimate during the Late Cretaceous within the study area. Furthermore, the measured TOC values indicate poor to very good organic content. Palynofacies analysis revealed high abundances of opaque and translucent phytoclasts and low amounts of palynomorphs with negligible amorphous organic matter (AOM) in the studied mudrocks. Two palynofacies groups suggest shallow‐marine conditions in a proximal shelf setting and a heterolithic oxic basin. The palynofacies of the upper Imo Formation reveal higher percentages of dinoflagellate cysts during the early highstand phase, with equidimensional, opaque phytoclasts representing the maximum flooding phase, accompanied by warmer conditions. Additionally, abundant terrestrial phytoclasts, Deltoidospora spp., Classopollis spp. and geochemical indicators collectively indicate warm tropical climatic conditions consistent with geochemical interpretations. The palaeobathymetry reconstructions suggest a shallow seaway during the Upper Cretaceous in the Anambra Basin.",Paleontology and Stratigraphy of Fossils
the Anambra Basin,2006,2023,LOC,spacy,W4404607471,The palaeobathymetry reconstructions suggest a shallow seaway during the Upper Cretaceous in the Anambra Basin.,"The Anambra Basin of Nigeria, part of the larger West and Central African Rift System (WCARS) across Africa, contains primarily Cretaceous to Palaeocene shallow to marginal marine and freshwater sedimentary deposits. The organic‐rich deposits of the Cretaceous Nkporo and Mamu formations within the Anambra Basin and the Palaeocene Imo Formation of the Niger Delta Basin constitute important conventional source rocks. Despite its economic significance, research on organic matter characterisation, palynofacies, sea‐level fluctuations, palaeoclimate, hydrogeography, basin restriction, palaeobathymetry and the factors controlling organic matter preservation remains largely undocumented. The here presented new inorganic and organic geochemical and organic petrography data of the Cretaceous to Palaeocene deposits serve to refine the regional interpretation at a basinal scale and within the supra‐regional context of the WCARS. Geochemical palaeotemperature proxies suggest a warm and humid tropical palaeoclimate during the Late Cretaceous within the study area. Furthermore, the measured TOC values indicate poor to very good organic content. Palynofacies analysis revealed high abundances of opaque and translucent phytoclasts and low amounts of palynomorphs with negligible amorphous organic matter (AOM) in the studied mudrocks. Two palynofacies groups suggest shallow‐marine conditions in a proximal shelf setting and a heterolithic oxic basin. The palynofacies of the upper Imo Formation reveal higher percentages of dinoflagellate cysts during the early highstand phase, with equidimensional, opaque phytoclasts representing the maximum flooding phase, accompanied by warmer conditions. Additionally, abundant terrestrial phytoclasts, Deltoidospora spp., Classopollis spp. and geochemical indicators collectively indicate warm tropical climatic conditions consistent with geochemical interpretations. The palaeobathymetry reconstructions suggest a shallow seaway during the Upper Cretaceous in the Anambra Basin.",Paleontology and Stratigraphy of Fossils
Earth,29,34,LOC,spacy,W4403800381,The coupled evolution of the Earth's atmosphere–biosphere system through time has caused irreversible changes in the geodynamics as well as surface processes and sedimentation patterns.,"The coupled evolution of the Earth's atmosphere–biosphere system through time has caused irreversible changes in the geodynamics as well as surface processes and sedimentation patterns. One such significant change took place in sedimentation in the Palaeozoic (i.e., Silurian) by the appearance of vascular vegetation. While the impact of evolving vegetation on the terrestrial fluvial environment has been relatively well documented, vegetation‐induced effects down the system in marginal or nearshore marine settings have undergone little study. The Meso‐ to Neoproterozoic Rautgara Formation exposed in the Himalayan Orogenic Belt of NW India, offers a chance to study a well‐preserved fluvial–marine transition to nearshore sedimentation before the appearance of vascular vegetation. A detailed sedimentological analysis identifies six genetically linked facies associations (FA) probably deposited in barrier, back‐barrier, and subtidal deltaic environments. Contrary to the other transgressive barrier models (where beach‐barrier overlie the back barrier environments), in the present case, wave‐dominated barrier deposits mostly occupy the basal part of the stratigraphy. In the middle stratigraphic level, back‐barrier deposits lack thick mud flats and show a dominance of sandstone over mudstone. Stacked subtidal sand bar facies association represents the top part of the sequence. Two sequence stratigraphic surfaces, that is, subaerial unconformity and maximum flooding surface, have been identified and the whole succession is interpreted in terms of HST and TST. Barrier and back‐barrier sediments are deposited during HST and TST, respectively. Subtidal deltaic system developed in late TST. The lack of frequent interbedding between the barrier and back‐barrier facies indicates negligible landward migration of the barrier and demonstrates system stability. The barrier system might have resulted from vertical aggradations akin to modern vegetated systems. The study portrays that sandy barrier systems are common in the Proterozoic. Vegetation and thick mud flats are not always essential for the stability of a barrier‐beach system.",Geological formations and processes
Sacramento,547,557,GPE,spacy,W4391317197,"This study investigated these questions using a combination of ensemble simulation, nonparametric tests, and variance decomposition, which were demonstrated for a case study of the Sacramento–San Joaquin River Basin, California.","Dynamic planning of water infrastructure requires identifying signals for adaptation, including measures of system performance linked to vulnerabilities. However, it remains a challenge to detect projected changes in performance outside the envelope of natural variability, and to identify whether such detections can be attributed to one or more uncertain drivers. This study investigated these questions using a combination of ensemble simulation, nonparametric tests, and variance decomposition, which were demonstrated for a case study of the Sacramento–San Joaquin River Basin, California. We trained a logistic regression classifier to predict future detections given observed trends in performance over time. The scenario ensemble includes coupled climate and land-use change through the end of the century, evaluated using a multireservoir simulation model to determine changes in water supply reliability and flooding metrics relative to the historical period (1951–2000). The results show that the reliability metric is far more likely to exhibit a significant change within the century, with the most severe scenarios tending to be detected earlier, reflecting long-term trends. Changes in flooding often are not detected due to natural variability despite severe events in some scenarios. We found that the variance in detection times is attributable largely to the choice of climate model, and also to the emissions scenario and its interaction with the choice of climate model. Finally, in the prediction model for both cases, reliability and flooding, the model learns to associate more-recent observations of system performance with nonstationarity detection. These findings underscore the importance of differentiating between long-term change and natural variability in identifying signals for adaptation.",Reservoir Engineering and Simulation Methods
San Joaquin,558,569,GPE,spacy,W4391317197,"This study investigated these questions using a combination of ensemble simulation, nonparametric tests, and variance decomposition, which were demonstrated for a case study of the Sacramento–San Joaquin River Basin, California.","Dynamic planning of water infrastructure requires identifying signals for adaptation, including measures of system performance linked to vulnerabilities. However, it remains a challenge to detect projected changes in performance outside the envelope of natural variability, and to identify whether such detections can be attributed to one or more uncertain drivers. This study investigated these questions using a combination of ensemble simulation, nonparametric tests, and variance decomposition, which were demonstrated for a case study of the Sacramento–San Joaquin River Basin, California. We trained a logistic regression classifier to predict future detections given observed trends in performance over time. The scenario ensemble includes coupled climate and land-use change through the end of the century, evaluated using a multireservoir simulation model to determine changes in water supply reliability and flooding metrics relative to the historical period (1951–2000). The results show that the reliability metric is far more likely to exhibit a significant change within the century, with the most severe scenarios tending to be detected earlier, reflecting long-term trends. Changes in flooding often are not detected due to natural variability despite severe events in some scenarios. We found that the variance in detection times is attributable largely to the choice of climate model, and also to the emissions scenario and its interaction with the choice of climate model. Finally, in the prediction model for both cases, reliability and flooding, the model learns to associate more-recent observations of system performance with nonstationarity detection. These findings underscore the importance of differentiating between long-term change and natural variability in identifying signals for adaptation.",Reservoir Engineering and Simulation Methods
California,583,593,GPE,spacy,W4391317197,"This study investigated these questions using a combination of ensemble simulation, nonparametric tests, and variance decomposition, which were demonstrated for a case study of the Sacramento–San Joaquin River Basin, California.","Dynamic planning of water infrastructure requires identifying signals for adaptation, including measures of system performance linked to vulnerabilities. However, it remains a challenge to detect projected changes in performance outside the envelope of natural variability, and to identify whether such detections can be attributed to one or more uncertain drivers. This study investigated these questions using a combination of ensemble simulation, nonparametric tests, and variance decomposition, which were demonstrated for a case study of the Sacramento–San Joaquin River Basin, California. We trained a logistic regression classifier to predict future detections given observed trends in performance over time. The scenario ensemble includes coupled climate and land-use change through the end of the century, evaluated using a multireservoir simulation model to determine changes in water supply reliability and flooding metrics relative to the historical period (1951–2000). The results show that the reliability metric is far more likely to exhibit a significant change within the century, with the most severe scenarios tending to be detected earlier, reflecting long-term trends. Changes in flooding often are not detected due to natural variability despite severe events in some scenarios. We found that the variance in detection times is attributable largely to the choice of climate model, and also to the emissions scenario and its interaction with the choice of climate model. Finally, in the prediction model for both cases, reliability and flooding, the model learns to associate more-recent observations of system performance with nonstationarity detection. These findings underscore the importance of differentiating between long-term change and natural variability in identifying signals for adaptation.",Reservoir Engineering and Simulation Methods
the Northern Hemisphere,535,558,LOC,spacy,W4402599576,"We identified seven types of natural temporary wetlands to be emulated in wetland construction and their restoration in the Northern Hemisphere, with hydroperiod lengths ranging from less than one month in ephemeral ponds to multi-year floods.","Temporary wetlands have mostly been disregarded in freshwater habitat regulation (with noticeable exceptions such as turloughs) leading to their global degradation despite their high value in terms of diverse ecosystem services. Wetland creation may be used to mitigate this habitat loss. In this review, we compiled information on the ecological features of temporary wetlands based on 45 scientific publications. We identified seven types of natural temporary wetlands to be emulated in wetland construction and their restoration in the Northern Hemisphere, with hydroperiod lengths ranging from less than one month in ephemeral ponds to multi-year floods. We highlight the biodiversity associated with various hydroperiods, and show that different organisms use different temporary wetland types. We give examples of how temporary wetland creation has been used for biodiversity enhancement and list characteristics of created temporary wetlands. Colonization of the newly created temporary wetlands by aquatic macroinvertebrates and amphibians was rapid, but species compositions differed from reference sites. Finally, we provide management recommendations for creating temporary wetlands to support high biodiversity. We highlight the importance of hydroperiod management, creating banks with gradual slopes, enhancing macrophyte vegetation and fish absence to promote biodiversity in created temporary wetlands. Monitoring and ongoing management practices are discussed as tools for ensuring management targets in the long term. For example, performing partial or full drawdowns at temporary wetlands with long multi-year hydroperiods are discussed. On the landscape level, we recommend planning a network of well-connected heterogeneous wetlands with different hydroperiods to enhance colonization and dispersal, and thereby biodiversity.",Peatlands and Wetlands Ecology
the Cadarache Area,103,121,LOC,spacy,W4399480775,"The present study aims dating the topmost 50 m of a 115 m-long core retrieved from a valley located in the Cadarache Area (Upper Provence, South East France).","The present study aims dating the topmost 50 m of a 115 m-long core retrieved from a valley located in the Cadarache Area (Upper Provence, South East France). Based on burial dating by in situ produced cosmogenic nuclides ( 10 Be, 26 Al and 21 Ne), and paleomagnetic analyses, a Tortonian age was determined for the sedimentary succession exhibited in the core. In addition, thin sections, grain size analyses and quartz morphoscopy were used to characterize a shallow marine environment and to correlate the sediment core to the surrounding exposed sections. When comparing the studied sedimentary record to global sea level estimates, we establish that the local Tortonian transgression was not synchronous with the global scale sea level high-stand, but happened more likely later, during a global regressive trend. The timing of the Tortonian flooding in Upper Provence was therefore most probably driven by regional tectonic forcing. Finally, the Tortonian shallow marine sediments are topped by lacustrine tight carbonates. These carbonates protect the marine sediments from the following major erosional events resulting from the Messinian sea level drop and from interglacial-glacial fluctuations that both yielded to the present-day valley topography.",Geology and Paleoclimatology Research
South East,139,149,LOC,spacy,W4399480775,"The present study aims dating the topmost 50 m of a 115 m-long core retrieved from a valley located in the Cadarache Area (Upper Provence, South East France).","The present study aims dating the topmost 50 m of a 115 m-long core retrieved from a valley located in the Cadarache Area (Upper Provence, South East France). Based on burial dating by in situ produced cosmogenic nuclides ( 10 Be, 26 Al and 21 Ne), and paleomagnetic analyses, a Tortonian age was determined for the sedimentary succession exhibited in the core. In addition, thin sections, grain size analyses and quartz morphoscopy were used to characterize a shallow marine environment and to correlate the sediment core to the surrounding exposed sections. When comparing the studied sedimentary record to global sea level estimates, we establish that the local Tortonian transgression was not synchronous with the global scale sea level high-stand, but happened more likely later, during a global regressive trend. The timing of the Tortonian flooding in Upper Provence was therefore most probably driven by regional tectonic forcing. Finally, the Tortonian shallow marine sediments are topped by lacustrine tight carbonates. These carbonates protect the marine sediments from the following major erosional events resulting from the Messinian sea level drop and from interglacial-glacial fluctuations that both yielded to the present-day valley topography.",Geology and Paleoclimatology Research
France,150,156,GPE,spacy,W4399480775,"The present study aims dating the topmost 50 m of a 115 m-long core retrieved from a valley located in the Cadarache Area (Upper Provence, South East France).","The present study aims dating the topmost 50 m of a 115 m-long core retrieved from a valley located in the Cadarache Area (Upper Provence, South East France). Based on burial dating by in situ produced cosmogenic nuclides ( 10 Be, 26 Al and 21 Ne), and paleomagnetic analyses, a Tortonian age was determined for the sedimentary succession exhibited in the core. In addition, thin sections, grain size analyses and quartz morphoscopy were used to characterize a shallow marine environment and to correlate the sediment core to the surrounding exposed sections. When comparing the studied sedimentary record to global sea level estimates, we establish that the local Tortonian transgression was not synchronous with the global scale sea level high-stand, but happened more likely later, during a global regressive trend. The timing of the Tortonian flooding in Upper Provence was therefore most probably driven by regional tectonic forcing. Finally, the Tortonian shallow marine sediments are topped by lacustrine tight carbonates. These carbonates protect the marine sediments from the following major erosional events resulting from the Messinian sea level drop and from interglacial-glacial fluctuations that both yielded to the present-day valley topography.",Geology and Paleoclimatology Research
Upper Provence,859,873,FAC,spacy,W4399480775,The timing of the Tortonian flooding in Upper Provence was therefore most probably driven by regional tectonic forcing.,"The present study aims dating the topmost 50 m of a 115 m-long core retrieved from a valley located in the Cadarache Area (Upper Provence, South East France). Based on burial dating by in situ produced cosmogenic nuclides ( 10 Be, 26 Al and 21 Ne), and paleomagnetic analyses, a Tortonian age was determined for the sedimentary succession exhibited in the core. In addition, thin sections, grain size analyses and quartz morphoscopy were used to characterize a shallow marine environment and to correlate the sediment core to the surrounding exposed sections. When comparing the studied sedimentary record to global sea level estimates, we establish that the local Tortonian transgression was not synchronous with the global scale sea level high-stand, but happened more likely later, during a global regressive trend. The timing of the Tortonian flooding in Upper Provence was therefore most probably driven by regional tectonic forcing. Finally, the Tortonian shallow marine sediments are topped by lacustrine tight carbonates. These carbonates protect the marine sediments from the following major erosional events resulting from the Messinian sea level drop and from interglacial-glacial fluctuations that both yielded to the present-day valley topography.",Geology and Paleoclimatology Research
the Rhône Valley,45,61,LOC,spacy,W4391993108,"The Pliocene ria, a narrow seaway running up the Rhône Valley, has been mapped for a while by field geologists.","The Pliocene ria, a narrow seaway running up the Rhône Valley, has been mapped for a while by field geologists. Only much later, after the DSDP Leg 13 in 1970, a consensus was reached that this unique geological feature of the Rhône Valley was created by the major Mediterranean sea-level drop associated with the Messinian Salinity Crisis, followed by a sudden sea-level rise caused by the breach of the Strait of Gibraltar and the invasion of the Mediterranean Basin by the Atlantic waters. At the regional level of the Lyon Metropolis in the upper Rhône Valley, main issues were however remaining about the course and depth of the Messinian valley, and about the valley fill, namely where and how do the Pliocene marine strata of the Rhône Valley pass to the continental deposits of the Bresse Basin to the north? These are key-questions in that the Plio-Pleistocene makes up a large fraction of the basement that holds up a large city, not free from potential geological hazards and subject to problems of groundwater management, high-cost tunneling projects, etc. Our survey reviews first the historical researches − descriptions of the outcrops and fossil assemblages. It is followed by an unprecedented analysis and correlation of a thousand boreholes, which makes it possible to physically link and reconcile ancient local observations. Sections across the Messinian valley reveal a proper canyon morphology for the segments that cut the crystalline basement. The magnitude of the incision has been calculated as 335 m to a minimum, three hundred kilometers away from the river mouth. Three major depositional systems are distinguished for the Pliocene − Lower Pleistocene succession. The valley that initially ran much farther north of Lyon was occupied in the Zanclean by a series of pounded lakes, dammed by transverse local alluvial fans, filled by minor Gilbert-type deltas, and repeatedly flooded by marine ingressions. The valley wings were then encroached during the Piacenzian by a major, Alps-rooted alluvial sheet. At the level of Lyon, the fluvial deposits were deflected to the north ( Sables de Trévoux ) and to the south ( Alluvions jaunes ) as a dichotomy. The succession was then capped by a gravel-dominated fluvio-glacial fan ( Alluvions jaunes sommitales) at the Plio-Pleistocene transition. It spread out from the north-east to the south, and intersected the previous valley overfill due to the shift to the north, i.e., South Jura, of the feeder stream. The depositional and current elevations of the marine-influenced episodes, i.e. marker bands that punctuate the regional Neogene succession, are used to bring out successive uplift and subsidence phases of the region. Finally, we tentatively link the major shifts in the depositional patterns of the Late Neogene succession in the Lyon area to major changes in the thrust belt activity, exhumation story, and outset of glaciers in the western Alps.",Geological and Geophysical Studies Worldwide
the Rhône Valley,223,239,LOC,spacy,W4391993108,"Only much later, after the DSDP Leg 13 in 1970, a consensus was reached that this unique geological feature of the Rhône Valley was created by the major Mediterranean sea-level drop associated with the Messinian Salinity Crisis, followed by a sudden sea-level rise caused by the breach of the Strait of Gibraltar and the invasion of the Mediterranean Basin by the Atlantic waters.","The Pliocene ria, a narrow seaway running up the Rhône Valley, has been mapped for a while by field geologists. Only much later, after the DSDP Leg 13 in 1970, a consensus was reached that this unique geological feature of the Rhône Valley was created by the major Mediterranean sea-level drop associated with the Messinian Salinity Crisis, followed by a sudden sea-level rise caused by the breach of the Strait of Gibraltar and the invasion of the Mediterranean Basin by the Atlantic waters. At the regional level of the Lyon Metropolis in the upper Rhône Valley, main issues were however remaining about the course and depth of the Messinian valley, and about the valley fill, namely where and how do the Pliocene marine strata of the Rhône Valley pass to the continental deposits of the Bresse Basin to the north? These are key-questions in that the Plio-Pleistocene makes up a large fraction of the basement that holds up a large city, not free from potential geological hazards and subject to problems of groundwater management, high-cost tunneling projects, etc. Our survey reviews first the historical researches − descriptions of the outcrops and fossil assemblages. It is followed by an unprecedented analysis and correlation of a thousand boreholes, which makes it possible to physically link and reconcile ancient local observations. Sections across the Messinian valley reveal a proper canyon morphology for the segments that cut the crystalline basement. The magnitude of the incision has been calculated as 335 m to a minimum, three hundred kilometers away from the river mouth. Three major depositional systems are distinguished for the Pliocene − Lower Pleistocene succession. The valley that initially ran much farther north of Lyon was occupied in the Zanclean by a series of pounded lakes, dammed by transverse local alluvial fans, filled by minor Gilbert-type deltas, and repeatedly flooded by marine ingressions. The valley wings were then encroached during the Piacenzian by a major, Alps-rooted alluvial sheet. At the level of Lyon, the fluvial deposits were deflected to the north ( Sables de Trévoux ) and to the south ( Alluvions jaunes ) as a dichotomy. The succession was then capped by a gravel-dominated fluvio-glacial fan ( Alluvions jaunes sommitales) at the Plio-Pleistocene transition. It spread out from the north-east to the south, and intersected the previous valley overfill due to the shift to the north, i.e., South Jura, of the feeder stream. The depositional and current elevations of the marine-influenced episodes, i.e. marker bands that punctuate the regional Neogene succession, are used to bring out successive uplift and subsidence phases of the region. Finally, we tentatively link the major shifts in the depositional patterns of the Late Neogene succession in the Lyon area to major changes in the thrust belt activity, exhumation story, and outset of glaciers in the western Alps.",Geological and Geophysical Studies Worldwide
Mediterranean,265,278,LOC,spacy,W4391993108,"Only much later, after the DSDP Leg 13 in 1970, a consensus was reached that this unique geological feature of the Rhône Valley was created by the major Mediterranean sea-level drop associated with the Messinian Salinity Crisis, followed by a sudden sea-level rise caused by the breach of the Strait of Gibraltar and the invasion of the Mediterranean Basin by the Atlantic waters.","The Pliocene ria, a narrow seaway running up the Rhône Valley, has been mapped for a while by field geologists. Only much later, after the DSDP Leg 13 in 1970, a consensus was reached that this unique geological feature of the Rhône Valley was created by the major Mediterranean sea-level drop associated with the Messinian Salinity Crisis, followed by a sudden sea-level rise caused by the breach of the Strait of Gibraltar and the invasion of the Mediterranean Basin by the Atlantic waters. At the regional level of the Lyon Metropolis in the upper Rhône Valley, main issues were however remaining about the course and depth of the Messinian valley, and about the valley fill, namely where and how do the Pliocene marine strata of the Rhône Valley pass to the continental deposits of the Bresse Basin to the north? These are key-questions in that the Plio-Pleistocene makes up a large fraction of the basement that holds up a large city, not free from potential geological hazards and subject to problems of groundwater management, high-cost tunneling projects, etc. Our survey reviews first the historical researches − descriptions of the outcrops and fossil assemblages. It is followed by an unprecedented analysis and correlation of a thousand boreholes, which makes it possible to physically link and reconcile ancient local observations. Sections across the Messinian valley reveal a proper canyon morphology for the segments that cut the crystalline basement. The magnitude of the incision has been calculated as 335 m to a minimum, three hundred kilometers away from the river mouth. Three major depositional systems are distinguished for the Pliocene − Lower Pleistocene succession. The valley that initially ran much farther north of Lyon was occupied in the Zanclean by a series of pounded lakes, dammed by transverse local alluvial fans, filled by minor Gilbert-type deltas, and repeatedly flooded by marine ingressions. The valley wings were then encroached during the Piacenzian by a major, Alps-rooted alluvial sheet. At the level of Lyon, the fluvial deposits were deflected to the north ( Sables de Trévoux ) and to the south ( Alluvions jaunes ) as a dichotomy. The succession was then capped by a gravel-dominated fluvio-glacial fan ( Alluvions jaunes sommitales) at the Plio-Pleistocene transition. It spread out from the north-east to the south, and intersected the previous valley overfill due to the shift to the north, i.e., South Jura, of the feeder stream. The depositional and current elevations of the marine-influenced episodes, i.e. marker bands that punctuate the regional Neogene succession, are used to bring out successive uplift and subsidence phases of the region. Finally, we tentatively link the major shifts in the depositional patterns of the Late Neogene succession in the Lyon area to major changes in the thrust belt activity, exhumation story, and outset of glaciers in the western Alps.",Geological and Geophysical Studies Worldwide
the Strait of Gibraltar,401,424,LOC,spacy,W4391993108,"Only much later, after the DSDP Leg 13 in 1970, a consensus was reached that this unique geological feature of the Rhône Valley was created by the major Mediterranean sea-level drop associated with the Messinian Salinity Crisis, followed by a sudden sea-level rise caused by the breach of the Strait of Gibraltar and the invasion of the Mediterranean Basin by the Atlantic waters.","The Pliocene ria, a narrow seaway running up the Rhône Valley, has been mapped for a while by field geologists. Only much later, after the DSDP Leg 13 in 1970, a consensus was reached that this unique geological feature of the Rhône Valley was created by the major Mediterranean sea-level drop associated with the Messinian Salinity Crisis, followed by a sudden sea-level rise caused by the breach of the Strait of Gibraltar and the invasion of the Mediterranean Basin by the Atlantic waters. At the regional level of the Lyon Metropolis in the upper Rhône Valley, main issues were however remaining about the course and depth of the Messinian valley, and about the valley fill, namely where and how do the Pliocene marine strata of the Rhône Valley pass to the continental deposits of the Bresse Basin to the north? These are key-questions in that the Plio-Pleistocene makes up a large fraction of the basement that holds up a large city, not free from potential geological hazards and subject to problems of groundwater management, high-cost tunneling projects, etc. Our survey reviews first the historical researches − descriptions of the outcrops and fossil assemblages. It is followed by an unprecedented analysis and correlation of a thousand boreholes, which makes it possible to physically link and reconcile ancient local observations. Sections across the Messinian valley reveal a proper canyon morphology for the segments that cut the crystalline basement. The magnitude of the incision has been calculated as 335 m to a minimum, three hundred kilometers away from the river mouth. Three major depositional systems are distinguished for the Pliocene − Lower Pleistocene succession. The valley that initially ran much farther north of Lyon was occupied in the Zanclean by a series of pounded lakes, dammed by transverse local alluvial fans, filled by minor Gilbert-type deltas, and repeatedly flooded by marine ingressions. The valley wings were then encroached during the Piacenzian by a major, Alps-rooted alluvial sheet. At the level of Lyon, the fluvial deposits were deflected to the north ( Sables de Trévoux ) and to the south ( Alluvions jaunes ) as a dichotomy. The succession was then capped by a gravel-dominated fluvio-glacial fan ( Alluvions jaunes sommitales) at the Plio-Pleistocene transition. It spread out from the north-east to the south, and intersected the previous valley overfill due to the shift to the north, i.e., South Jura, of the feeder stream. The depositional and current elevations of the marine-influenced episodes, i.e. marker bands that punctuate the regional Neogene succession, are used to bring out successive uplift and subsidence phases of the region. Finally, we tentatively link the major shifts in the depositional patterns of the Late Neogene succession in the Lyon area to major changes in the thrust belt activity, exhumation story, and outset of glaciers in the western Alps.",Geological and Geophysical Studies Worldwide
the Mediterranean Basin,445,468,LOC,spacy,W4391993108,"Only much later, after the DSDP Leg 13 in 1970, a consensus was reached that this unique geological feature of the Rhône Valley was created by the major Mediterranean sea-level drop associated with the Messinian Salinity Crisis, followed by a sudden sea-level rise caused by the breach of the Strait of Gibraltar and the invasion of the Mediterranean Basin by the Atlantic waters.","The Pliocene ria, a narrow seaway running up the Rhône Valley, has been mapped for a while by field geologists. Only much later, after the DSDP Leg 13 in 1970, a consensus was reached that this unique geological feature of the Rhône Valley was created by the major Mediterranean sea-level drop associated with the Messinian Salinity Crisis, followed by a sudden sea-level rise caused by the breach of the Strait of Gibraltar and the invasion of the Mediterranean Basin by the Atlantic waters. At the regional level of the Lyon Metropolis in the upper Rhône Valley, main issues were however remaining about the course and depth of the Messinian valley, and about the valley fill, namely where and how do the Pliocene marine strata of the Rhône Valley pass to the continental deposits of the Bresse Basin to the north? These are key-questions in that the Plio-Pleistocene makes up a large fraction of the basement that holds up a large city, not free from potential geological hazards and subject to problems of groundwater management, high-cost tunneling projects, etc. Our survey reviews first the historical researches − descriptions of the outcrops and fossil assemblages. It is followed by an unprecedented analysis and correlation of a thousand boreholes, which makes it possible to physically link and reconcile ancient local observations. Sections across the Messinian valley reveal a proper canyon morphology for the segments that cut the crystalline basement. The magnitude of the incision has been calculated as 335 m to a minimum, three hundred kilometers away from the river mouth. Three major depositional systems are distinguished for the Pliocene − Lower Pleistocene succession. The valley that initially ran much farther north of Lyon was occupied in the Zanclean by a series of pounded lakes, dammed by transverse local alluvial fans, filled by minor Gilbert-type deltas, and repeatedly flooded by marine ingressions. The valley wings were then encroached during the Piacenzian by a major, Alps-rooted alluvial sheet. At the level of Lyon, the fluvial deposits were deflected to the north ( Sables de Trévoux ) and to the south ( Alluvions jaunes ) as a dichotomy. The succession was then capped by a gravel-dominated fluvio-glacial fan ( Alluvions jaunes sommitales) at the Plio-Pleistocene transition. It spread out from the north-east to the south, and intersected the previous valley overfill due to the shift to the north, i.e., South Jura, of the feeder stream. The depositional and current elevations of the marine-influenced episodes, i.e. marker bands that punctuate the regional Neogene succession, are used to bring out successive uplift and subsidence phases of the region. Finally, we tentatively link the major shifts in the depositional patterns of the Late Neogene succession in the Lyon area to major changes in the thrust belt activity, exhumation story, and outset of glaciers in the western Alps.",Geological and Geophysical Studies Worldwide
Atlantic,476,484,LOC,spacy,W4391993108,"Only much later, after the DSDP Leg 13 in 1970, a consensus was reached that this unique geological feature of the Rhône Valley was created by the major Mediterranean sea-level drop associated with the Messinian Salinity Crisis, followed by a sudden sea-level rise caused by the breach of the Strait of Gibraltar and the invasion of the Mediterranean Basin by the Atlantic waters.","The Pliocene ria, a narrow seaway running up the Rhône Valley, has been mapped for a while by field geologists. Only much later, after the DSDP Leg 13 in 1970, a consensus was reached that this unique geological feature of the Rhône Valley was created by the major Mediterranean sea-level drop associated with the Messinian Salinity Crisis, followed by a sudden sea-level rise caused by the breach of the Strait of Gibraltar and the invasion of the Mediterranean Basin by the Atlantic waters. At the regional level of the Lyon Metropolis in the upper Rhône Valley, main issues were however remaining about the course and depth of the Messinian valley, and about the valley fill, namely where and how do the Pliocene marine strata of the Rhône Valley pass to the continental deposits of the Bresse Basin to the north? These are key-questions in that the Plio-Pleistocene makes up a large fraction of the basement that holds up a large city, not free from potential geological hazards and subject to problems of groundwater management, high-cost tunneling projects, etc. Our survey reviews first the historical researches − descriptions of the outcrops and fossil assemblages. It is followed by an unprecedented analysis and correlation of a thousand boreholes, which makes it possible to physically link and reconcile ancient local observations. Sections across the Messinian valley reveal a proper canyon morphology for the segments that cut the crystalline basement. The magnitude of the incision has been calculated as 335 m to a minimum, three hundred kilometers away from the river mouth. Three major depositional systems are distinguished for the Pliocene − Lower Pleistocene succession. The valley that initially ran much farther north of Lyon was occupied in the Zanclean by a series of pounded lakes, dammed by transverse local alluvial fans, filled by minor Gilbert-type deltas, and repeatedly flooded by marine ingressions. The valley wings were then encroached during the Piacenzian by a major, Alps-rooted alluvial sheet. At the level of Lyon, the fluvial deposits were deflected to the north ( Sables de Trévoux ) and to the south ( Alluvions jaunes ) as a dichotomy. The succession was then capped by a gravel-dominated fluvio-glacial fan ( Alluvions jaunes sommitales) at the Plio-Pleistocene transition. It spread out from the north-east to the south, and intersected the previous valley overfill due to the shift to the north, i.e., South Jura, of the feeder stream. The depositional and current elevations of the marine-influenced episodes, i.e. marker bands that punctuate the regional Neogene succession, are used to bring out successive uplift and subsidence phases of the region. Finally, we tentatively link the major shifts in the depositional patterns of the Late Neogene succession in the Lyon area to major changes in the thrust belt activity, exhumation story, and outset of glaciers in the western Alps.",Geological and Geophysical Studies Worldwide
Rhône Valley,551,563,LOC,spacy,W4391993108,"At the regional level of the Lyon Metropolis in the upper Rhône Valley, main issues were however remaining about the course and depth of the Messinian valley, and about the valley fill, namely where and how do the Pliocene marine strata of the Rhône Valley pass to the continental deposits of the Bresse Basin to the north?","The Pliocene ria, a narrow seaway running up the Rhône Valley, has been mapped for a while by field geologists. Only much later, after the DSDP Leg 13 in 1970, a consensus was reached that this unique geological feature of the Rhône Valley was created by the major Mediterranean sea-level drop associated with the Messinian Salinity Crisis, followed by a sudden sea-level rise caused by the breach of the Strait of Gibraltar and the invasion of the Mediterranean Basin by the Atlantic waters. At the regional level of the Lyon Metropolis in the upper Rhône Valley, main issues were however remaining about the course and depth of the Messinian valley, and about the valley fill, namely where and how do the Pliocene marine strata of the Rhône Valley pass to the continental deposits of the Bresse Basin to the north? These are key-questions in that the Plio-Pleistocene makes up a large fraction of the basement that holds up a large city, not free from potential geological hazards and subject to problems of groundwater management, high-cost tunneling projects, etc. Our survey reviews first the historical researches − descriptions of the outcrops and fossil assemblages. It is followed by an unprecedented analysis and correlation of a thousand boreholes, which makes it possible to physically link and reconcile ancient local observations. Sections across the Messinian valley reveal a proper canyon morphology for the segments that cut the crystalline basement. The magnitude of the incision has been calculated as 335 m to a minimum, three hundred kilometers away from the river mouth. Three major depositional systems are distinguished for the Pliocene − Lower Pleistocene succession. The valley that initially ran much farther north of Lyon was occupied in the Zanclean by a series of pounded lakes, dammed by transverse local alluvial fans, filled by minor Gilbert-type deltas, and repeatedly flooded by marine ingressions. The valley wings were then encroached during the Piacenzian by a major, Alps-rooted alluvial sheet. At the level of Lyon, the fluvial deposits were deflected to the north ( Sables de Trévoux ) and to the south ( Alluvions jaunes ) as a dichotomy. The succession was then capped by a gravel-dominated fluvio-glacial fan ( Alluvions jaunes sommitales) at the Plio-Pleistocene transition. It spread out from the north-east to the south, and intersected the previous valley overfill due to the shift to the north, i.e., South Jura, of the feeder stream. The depositional and current elevations of the marine-influenced episodes, i.e. marker bands that punctuate the regional Neogene succession, are used to bring out successive uplift and subsidence phases of the region. Finally, we tentatively link the major shifts in the depositional patterns of the Late Neogene succession in the Lyon area to major changes in the thrust belt activity, exhumation story, and outset of glaciers in the western Alps.",Geological and Geophysical Studies Worldwide
the Rhône Valley,733,749,LOC,spacy,W4391993108,"At the regional level of the Lyon Metropolis in the upper Rhône Valley, main issues were however remaining about the course and depth of the Messinian valley, and about the valley fill, namely where and how do the Pliocene marine strata of the Rhône Valley pass to the continental deposits of the Bresse Basin to the north?","The Pliocene ria, a narrow seaway running up the Rhône Valley, has been mapped for a while by field geologists. Only much later, after the DSDP Leg 13 in 1970, a consensus was reached that this unique geological feature of the Rhône Valley was created by the major Mediterranean sea-level drop associated with the Messinian Salinity Crisis, followed by a sudden sea-level rise caused by the breach of the Strait of Gibraltar and the invasion of the Mediterranean Basin by the Atlantic waters. At the regional level of the Lyon Metropolis in the upper Rhône Valley, main issues were however remaining about the course and depth of the Messinian valley, and about the valley fill, namely where and how do the Pliocene marine strata of the Rhône Valley pass to the continental deposits of the Bresse Basin to the north? These are key-questions in that the Plio-Pleistocene makes up a large fraction of the basement that holds up a large city, not free from potential geological hazards and subject to problems of groundwater management, high-cost tunneling projects, etc. Our survey reviews first the historical researches − descriptions of the outcrops and fossil assemblages. It is followed by an unprecedented analysis and correlation of a thousand boreholes, which makes it possible to physically link and reconcile ancient local observations. Sections across the Messinian valley reveal a proper canyon morphology for the segments that cut the crystalline basement. The magnitude of the incision has been calculated as 335 m to a minimum, three hundred kilometers away from the river mouth. Three major depositional systems are distinguished for the Pliocene − Lower Pleistocene succession. The valley that initially ran much farther north of Lyon was occupied in the Zanclean by a series of pounded lakes, dammed by transverse local alluvial fans, filled by minor Gilbert-type deltas, and repeatedly flooded by marine ingressions. The valley wings were then encroached during the Piacenzian by a major, Alps-rooted alluvial sheet. At the level of Lyon, the fluvial deposits were deflected to the north ( Sables de Trévoux ) and to the south ( Alluvions jaunes ) as a dichotomy. The succession was then capped by a gravel-dominated fluvio-glacial fan ( Alluvions jaunes sommitales) at the Plio-Pleistocene transition. It spread out from the north-east to the south, and intersected the previous valley overfill due to the shift to the north, i.e., South Jura, of the feeder stream. The depositional and current elevations of the marine-influenced episodes, i.e. marker bands that punctuate the regional Neogene succession, are used to bring out successive uplift and subsidence phases of the region. Finally, we tentatively link the major shifts in the depositional patterns of the Late Neogene succession in the Lyon area to major changes in the thrust belt activity, exhumation story, and outset of glaciers in the western Alps.",Geological and Geophysical Studies Worldwide
the Bresse Basin,786,802,LOC,spacy,W4391993108,"At the regional level of the Lyon Metropolis in the upper Rhône Valley, main issues were however remaining about the course and depth of the Messinian valley, and about the valley fill, namely where and how do the Pliocene marine strata of the Rhône Valley pass to the continental deposits of the Bresse Basin to the north?","The Pliocene ria, a narrow seaway running up the Rhône Valley, has been mapped for a while by field geologists. Only much later, after the DSDP Leg 13 in 1970, a consensus was reached that this unique geological feature of the Rhône Valley was created by the major Mediterranean sea-level drop associated with the Messinian Salinity Crisis, followed by a sudden sea-level rise caused by the breach of the Strait of Gibraltar and the invasion of the Mediterranean Basin by the Atlantic waters. At the regional level of the Lyon Metropolis in the upper Rhône Valley, main issues were however remaining about the course and depth of the Messinian valley, and about the valley fill, namely where and how do the Pliocene marine strata of the Rhône Valley pass to the continental deposits of the Bresse Basin to the north? These are key-questions in that the Plio-Pleistocene makes up a large fraction of the basement that holds up a large city, not free from potential geological hazards and subject to problems of groundwater management, high-cost tunneling projects, etc. Our survey reviews first the historical researches − descriptions of the outcrops and fossil assemblages. It is followed by an unprecedented analysis and correlation of a thousand boreholes, which makes it possible to physically link and reconcile ancient local observations. Sections across the Messinian valley reveal a proper canyon morphology for the segments that cut the crystalline basement. The magnitude of the incision has been calculated as 335 m to a minimum, three hundred kilometers away from the river mouth. Three major depositional systems are distinguished for the Pliocene − Lower Pleistocene succession. The valley that initially ran much farther north of Lyon was occupied in the Zanclean by a series of pounded lakes, dammed by transverse local alluvial fans, filled by minor Gilbert-type deltas, and repeatedly flooded by marine ingressions. The valley wings were then encroached during the Piacenzian by a major, Alps-rooted alluvial sheet. At the level of Lyon, the fluvial deposits were deflected to the north ( Sables de Trévoux ) and to the south ( Alluvions jaunes ) as a dichotomy. The succession was then capped by a gravel-dominated fluvio-glacial fan ( Alluvions jaunes sommitales) at the Plio-Pleistocene transition. It spread out from the north-east to the south, and intersected the previous valley overfill due to the shift to the north, i.e., South Jura, of the feeder stream. The depositional and current elevations of the marine-influenced episodes, i.e. marker bands that punctuate the regional Neogene succession, are used to bring out successive uplift and subsidence phases of the region. Finally, we tentatively link the major shifts in the depositional patterns of the Late Neogene succession in the Lyon area to major changes in the thrust belt activity, exhumation story, and outset of glaciers in the western Alps.",Geological and Geophysical Studies Worldwide
−,1120,1121,GPE,spacy,W4391993108,Our survey reviews first the historical researches − descriptions of the outcrops and fossil assemblages.,"The Pliocene ria, a narrow seaway running up the Rhône Valley, has been mapped for a while by field geologists. Only much later, after the DSDP Leg 13 in 1970, a consensus was reached that this unique geological feature of the Rhône Valley was created by the major Mediterranean sea-level drop associated with the Messinian Salinity Crisis, followed by a sudden sea-level rise caused by the breach of the Strait of Gibraltar and the invasion of the Mediterranean Basin by the Atlantic waters. At the regional level of the Lyon Metropolis in the upper Rhône Valley, main issues were however remaining about the course and depth of the Messinian valley, and about the valley fill, namely where and how do the Pliocene marine strata of the Rhône Valley pass to the continental deposits of the Bresse Basin to the north? These are key-questions in that the Plio-Pleistocene makes up a large fraction of the basement that holds up a large city, not free from potential geological hazards and subject to problems of groundwater management, high-cost tunneling projects, etc. Our survey reviews first the historical researches − descriptions of the outcrops and fossil assemblages. It is followed by an unprecedented analysis and correlation of a thousand boreholes, which makes it possible to physically link and reconcile ancient local observations. Sections across the Messinian valley reveal a proper canyon morphology for the segments that cut the crystalline basement. The magnitude of the incision has been calculated as 335 m to a minimum, three hundred kilometers away from the river mouth. Three major depositional systems are distinguished for the Pliocene − Lower Pleistocene succession. The valley that initially ran much farther north of Lyon was occupied in the Zanclean by a series of pounded lakes, dammed by transverse local alluvial fans, filled by minor Gilbert-type deltas, and repeatedly flooded by marine ingressions. The valley wings were then encroached during the Piacenzian by a major, Alps-rooted alluvial sheet. At the level of Lyon, the fluvial deposits were deflected to the north ( Sables de Trévoux ) and to the south ( Alluvions jaunes ) as a dichotomy. The succession was then capped by a gravel-dominated fluvio-glacial fan ( Alluvions jaunes sommitales) at the Plio-Pleistocene transition. It spread out from the north-east to the south, and intersected the previous valley overfill due to the shift to the north, i.e., South Jura, of the feeder stream. The depositional and current elevations of the marine-influenced episodes, i.e. marker bands that punctuate the regional Neogene succession, are used to bring out successive uplift and subsidence phases of the region. Finally, we tentatively link the major shifts in the depositional patterns of the Late Neogene succession in the Lyon area to major changes in the thrust belt activity, exhumation story, and outset of glaciers in the western Alps.",Geological and Geophysical Studies Worldwide
Alps,2006,2010,LOC,spacy,W4391993108,"The valley wings were then encroached during the Piacenzian by a major, Alps-rooted alluvial sheet.","The Pliocene ria, a narrow seaway running up the Rhône Valley, has been mapped for a while by field geologists. Only much later, after the DSDP Leg 13 in 1970, a consensus was reached that this unique geological feature of the Rhône Valley was created by the major Mediterranean sea-level drop associated with the Messinian Salinity Crisis, followed by a sudden sea-level rise caused by the breach of the Strait of Gibraltar and the invasion of the Mediterranean Basin by the Atlantic waters. At the regional level of the Lyon Metropolis in the upper Rhône Valley, main issues were however remaining about the course and depth of the Messinian valley, and about the valley fill, namely where and how do the Pliocene marine strata of the Rhône Valley pass to the continental deposits of the Bresse Basin to the north? These are key-questions in that the Plio-Pleistocene makes up a large fraction of the basement that holds up a large city, not free from potential geological hazards and subject to problems of groundwater management, high-cost tunneling projects, etc. Our survey reviews first the historical researches − descriptions of the outcrops and fossil assemblages. It is followed by an unprecedented analysis and correlation of a thousand boreholes, which makes it possible to physically link and reconcile ancient local observations. Sections across the Messinian valley reveal a proper canyon morphology for the segments that cut the crystalline basement. The magnitude of the incision has been calculated as 335 m to a minimum, three hundred kilometers away from the river mouth. Three major depositional systems are distinguished for the Pliocene − Lower Pleistocene succession. The valley that initially ran much farther north of Lyon was occupied in the Zanclean by a series of pounded lakes, dammed by transverse local alluvial fans, filled by minor Gilbert-type deltas, and repeatedly flooded by marine ingressions. The valley wings were then encroached during the Piacenzian by a major, Alps-rooted alluvial sheet. At the level of Lyon, the fluvial deposits were deflected to the north ( Sables de Trévoux ) and to the south ( Alluvions jaunes ) as a dichotomy. The succession was then capped by a gravel-dominated fluvio-glacial fan ( Alluvions jaunes sommitales) at the Plio-Pleistocene transition. It spread out from the north-east to the south, and intersected the previous valley overfill due to the shift to the north, i.e., South Jura, of the feeder stream. The depositional and current elevations of the marine-influenced episodes, i.e. marker bands that punctuate the regional Neogene succession, are used to bring out successive uplift and subsidence phases of the region. Finally, we tentatively link the major shifts in the depositional patterns of the Late Neogene succession in the Lyon area to major changes in the thrust belt activity, exhumation story, and outset of glaciers in the western Alps.",Geological and Geophysical Studies Worldwide
South Jura,2450,2460,GPE,spacy,W4391993108,"It spread out from the north-east to the south, and intersected the previous valley overfill due to the shift to the north, i.e., South Jura, of the feeder stream.","The Pliocene ria, a narrow seaway running up the Rhône Valley, has been mapped for a while by field geologists. Only much later, after the DSDP Leg 13 in 1970, a consensus was reached that this unique geological feature of the Rhône Valley was created by the major Mediterranean sea-level drop associated with the Messinian Salinity Crisis, followed by a sudden sea-level rise caused by the breach of the Strait of Gibraltar and the invasion of the Mediterranean Basin by the Atlantic waters. At the regional level of the Lyon Metropolis in the upper Rhône Valley, main issues were however remaining about the course and depth of the Messinian valley, and about the valley fill, namely where and how do the Pliocene marine strata of the Rhône Valley pass to the continental deposits of the Bresse Basin to the north? These are key-questions in that the Plio-Pleistocene makes up a large fraction of the basement that holds up a large city, not free from potential geological hazards and subject to problems of groundwater management, high-cost tunneling projects, etc. Our survey reviews first the historical researches − descriptions of the outcrops and fossil assemblages. It is followed by an unprecedented analysis and correlation of a thousand boreholes, which makes it possible to physically link and reconcile ancient local observations. Sections across the Messinian valley reveal a proper canyon morphology for the segments that cut the crystalline basement. The magnitude of the incision has been calculated as 335 m to a minimum, three hundred kilometers away from the river mouth. Three major depositional systems are distinguished for the Pliocene − Lower Pleistocene succession. The valley that initially ran much farther north of Lyon was occupied in the Zanclean by a series of pounded lakes, dammed by transverse local alluvial fans, filled by minor Gilbert-type deltas, and repeatedly flooded by marine ingressions. The valley wings were then encroached during the Piacenzian by a major, Alps-rooted alluvial sheet. At the level of Lyon, the fluvial deposits were deflected to the north ( Sables de Trévoux ) and to the south ( Alluvions jaunes ) as a dichotomy. The succession was then capped by a gravel-dominated fluvio-glacial fan ( Alluvions jaunes sommitales) at the Plio-Pleistocene transition. It spread out from the north-east to the south, and intersected the previous valley overfill due to the shift to the north, i.e., South Jura, of the feeder stream. The depositional and current elevations of the marine-influenced episodes, i.e. marker bands that punctuate the regional Neogene succession, are used to bring out successive uplift and subsidence phases of the region. Finally, we tentatively link the major shifts in the depositional patterns of the Late Neogene succession in the Lyon area to major changes in the thrust belt activity, exhumation story, and outset of glaciers in the western Alps.",Geological and Geophysical Studies Worldwide
Neogene,2605,2612,GPE,spacy,W4391993108,"The depositional and current elevations of the marine-influenced episodes, i.e. marker bands that punctuate the regional Neogene succession, are used to bring out successive uplift and subsidence phases of the region.","The Pliocene ria, a narrow seaway running up the Rhône Valley, has been mapped for a while by field geologists. Only much later, after the DSDP Leg 13 in 1970, a consensus was reached that this unique geological feature of the Rhône Valley was created by the major Mediterranean sea-level drop associated with the Messinian Salinity Crisis, followed by a sudden sea-level rise caused by the breach of the Strait of Gibraltar and the invasion of the Mediterranean Basin by the Atlantic waters. At the regional level of the Lyon Metropolis in the upper Rhône Valley, main issues were however remaining about the course and depth of the Messinian valley, and about the valley fill, namely where and how do the Pliocene marine strata of the Rhône Valley pass to the continental deposits of the Bresse Basin to the north? These are key-questions in that the Plio-Pleistocene makes up a large fraction of the basement that holds up a large city, not free from potential geological hazards and subject to problems of groundwater management, high-cost tunneling projects, etc. Our survey reviews first the historical researches − descriptions of the outcrops and fossil assemblages. It is followed by an unprecedented analysis and correlation of a thousand boreholes, which makes it possible to physically link and reconcile ancient local observations. Sections across the Messinian valley reveal a proper canyon morphology for the segments that cut the crystalline basement. The magnitude of the incision has been calculated as 335 m to a minimum, three hundred kilometers away from the river mouth. Three major depositional systems are distinguished for the Pliocene − Lower Pleistocene succession. The valley that initially ran much farther north of Lyon was occupied in the Zanclean by a series of pounded lakes, dammed by transverse local alluvial fans, filled by minor Gilbert-type deltas, and repeatedly flooded by marine ingressions. The valley wings were then encroached during the Piacenzian by a major, Alps-rooted alluvial sheet. At the level of Lyon, the fluvial deposits were deflected to the north ( Sables de Trévoux ) and to the south ( Alluvions jaunes ) as a dichotomy. The succession was then capped by a gravel-dominated fluvio-glacial fan ( Alluvions jaunes sommitales) at the Plio-Pleistocene transition. It spread out from the north-east to the south, and intersected the previous valley overfill due to the shift to the north, i.e., South Jura, of the feeder stream. The depositional and current elevations of the marine-influenced episodes, i.e. marker bands that punctuate the regional Neogene succession, are used to bring out successive uplift and subsidence phases of the region. Finally, we tentatively link the major shifts in the depositional patterns of the Late Neogene succession in the Lyon area to major changes in the thrust belt activity, exhumation story, and outset of glaciers in the western Alps.",Geological and Geophysical Studies Worldwide
Late Neogene,2784,2796,FAC,spacy,W4391993108,"Finally, we tentatively link the major shifts in the depositional patterns of the Late Neogene succession in the Lyon area to major changes in the thrust belt activity, exhumation story, and outset of glaciers in the western Alps.","The Pliocene ria, a narrow seaway running up the Rhône Valley, has been mapped for a while by field geologists. Only much later, after the DSDP Leg 13 in 1970, a consensus was reached that this unique geological feature of the Rhône Valley was created by the major Mediterranean sea-level drop associated with the Messinian Salinity Crisis, followed by a sudden sea-level rise caused by the breach of the Strait of Gibraltar and the invasion of the Mediterranean Basin by the Atlantic waters. At the regional level of the Lyon Metropolis in the upper Rhône Valley, main issues were however remaining about the course and depth of the Messinian valley, and about the valley fill, namely where and how do the Pliocene marine strata of the Rhône Valley pass to the continental deposits of the Bresse Basin to the north? These are key-questions in that the Plio-Pleistocene makes up a large fraction of the basement that holds up a large city, not free from potential geological hazards and subject to problems of groundwater management, high-cost tunneling projects, etc. Our survey reviews first the historical researches − descriptions of the outcrops and fossil assemblages. It is followed by an unprecedented analysis and correlation of a thousand boreholes, which makes it possible to physically link and reconcile ancient local observations. Sections across the Messinian valley reveal a proper canyon morphology for the segments that cut the crystalline basement. The magnitude of the incision has been calculated as 335 m to a minimum, three hundred kilometers away from the river mouth. Three major depositional systems are distinguished for the Pliocene − Lower Pleistocene succession. The valley that initially ran much farther north of Lyon was occupied in the Zanclean by a series of pounded lakes, dammed by transverse local alluvial fans, filled by minor Gilbert-type deltas, and repeatedly flooded by marine ingressions. The valley wings were then encroached during the Piacenzian by a major, Alps-rooted alluvial sheet. At the level of Lyon, the fluvial deposits were deflected to the north ( Sables de Trévoux ) and to the south ( Alluvions jaunes ) as a dichotomy. The succession was then capped by a gravel-dominated fluvio-glacial fan ( Alluvions jaunes sommitales) at the Plio-Pleistocene transition. It spread out from the north-east to the south, and intersected the previous valley overfill due to the shift to the north, i.e., South Jura, of the feeder stream. The depositional and current elevations of the marine-influenced episodes, i.e. marker bands that punctuate the regional Neogene succession, are used to bring out successive uplift and subsidence phases of the region. Finally, we tentatively link the major shifts in the depositional patterns of the Late Neogene succession in the Lyon area to major changes in the thrust belt activity, exhumation story, and outset of glaciers in the western Alps.",Geological and Geophysical Studies Worldwide
Alps,2927,2931,LOC,spacy,W4391993108,"Finally, we tentatively link the major shifts in the depositional patterns of the Late Neogene succession in the Lyon area to major changes in the thrust belt activity, exhumation story, and outset of glaciers in the western Alps.","The Pliocene ria, a narrow seaway running up the Rhône Valley, has been mapped for a while by field geologists. Only much later, after the DSDP Leg 13 in 1970, a consensus was reached that this unique geological feature of the Rhône Valley was created by the major Mediterranean sea-level drop associated with the Messinian Salinity Crisis, followed by a sudden sea-level rise caused by the breach of the Strait of Gibraltar and the invasion of the Mediterranean Basin by the Atlantic waters. At the regional level of the Lyon Metropolis in the upper Rhône Valley, main issues were however remaining about the course and depth of the Messinian valley, and about the valley fill, namely where and how do the Pliocene marine strata of the Rhône Valley pass to the continental deposits of the Bresse Basin to the north? These are key-questions in that the Plio-Pleistocene makes up a large fraction of the basement that holds up a large city, not free from potential geological hazards and subject to problems of groundwater management, high-cost tunneling projects, etc. Our survey reviews first the historical researches − descriptions of the outcrops and fossil assemblages. It is followed by an unprecedented analysis and correlation of a thousand boreholes, which makes it possible to physically link and reconcile ancient local observations. Sections across the Messinian valley reveal a proper canyon morphology for the segments that cut the crystalline basement. The magnitude of the incision has been calculated as 335 m to a minimum, three hundred kilometers away from the river mouth. Three major depositional systems are distinguished for the Pliocene − Lower Pleistocene succession. The valley that initially ran much farther north of Lyon was occupied in the Zanclean by a series of pounded lakes, dammed by transverse local alluvial fans, filled by minor Gilbert-type deltas, and repeatedly flooded by marine ingressions. The valley wings were then encroached during the Piacenzian by a major, Alps-rooted alluvial sheet. At the level of Lyon, the fluvial deposits were deflected to the north ( Sables de Trévoux ) and to the south ( Alluvions jaunes ) as a dichotomy. The succession was then capped by a gravel-dominated fluvio-glacial fan ( Alluvions jaunes sommitales) at the Plio-Pleistocene transition. It spread out from the north-east to the south, and intersected the previous valley overfill due to the shift to the north, i.e., South Jura, of the feeder stream. The depositional and current elevations of the marine-influenced episodes, i.e. marker bands that punctuate the regional Neogene succession, are used to bring out successive uplift and subsidence phases of the region. Finally, we tentatively link the major shifts in the depositional patterns of the Late Neogene succession in the Lyon area to major changes in the thrust belt activity, exhumation story, and outset of glaciers in the western Alps.",Geological and Geophysical Studies Worldwide
France,280,286,GPE,spacy,W4391991266,"Based on detailed sedimentological analyses of cores, interpretation of well logs and a set of geochemical measurements performed on lacustrine sedimentary rocks, the palaeoenvironmental evolution and the sedimentary architecture of the Paleogene continental Vistrenque Basin (SE France) have been reconstructed.","Based on detailed sedimentological analyses of cores, interpretation of well logs and a set of geochemical measurements performed on lacustrine sedimentary rocks, the palaeoenvironmental evolution and the sedimentary architecture of the Paleogene continental Vistrenque Basin (SE France) have been reconstructed. The analysis of sedimentary archives revealed three main stages of basin infill evolution: (1) a deep-lake basin (Priabonian-earliest Rupelian) whose sedimentation was dominated by terrigenous gravity-driven deposits during a period of high subsidence rate and strike-slip fault activity and under a prevailing humid climate; (2) an evaporative deep lake (early Rupelian) characterized by a drastic reduction in lake volume (forced-regression), terrigenous supplies and deposition of evaporites in disconnected sub-basins; (3) an overall long-term normal regressive stage (middle Rupelian to earliest Chattian) of lake infill characterized by an increase in terrigenous supplies and a vertical upward transition from deep-lake gravity-driven deposits to marginal lake and floodplain sedimentation. The onset of lake volume reduction and forced regression during the early Rupelian is associated with (1) the reworking of marginal lake carbonates into the deep lake areas, (2) the deposition of organic-rich sediments (TOC &gt; 10%) coupled with sulphate-reduction processes in the deepest areas of the lake, (3) an important decrease in terrigenous supplies and (4) a long-term increase in δ 18 O of matrix-supported carbonates. This early Rupelian forced regression of the Vistrenque lacustrine system is interpreted to result from a regional decrease in precipitation in response to global cooling during the Eocene-Oligocene Transition (EOT). The final infill of the Vistrenque lake system (late Rupelian-early Chattian) and the onset of a floodplain occurred in more humid conditions during a stage of decreased activity of the Nîmes Fault, prior to or during an early stage of the Liguro-Provençal rifting.",Geology and Paleoclimatology Research
the Eocene-Oligocene Transition (EOT,1720,1756,FAC,spacy,W4391991266,This early Rupelian forced regression of the Vistrenque lacustrine system is interpreted to result from a regional decrease in precipitation in response to global cooling during the Eocene-Oligocene Transition (EOT).,"Based on detailed sedimentological analyses of cores, interpretation of well logs and a set of geochemical measurements performed on lacustrine sedimentary rocks, the palaeoenvironmental evolution and the sedimentary architecture of the Paleogene continental Vistrenque Basin (SE France) have been reconstructed. The analysis of sedimentary archives revealed three main stages of basin infill evolution: (1) a deep-lake basin (Priabonian-earliest Rupelian) whose sedimentation was dominated by terrigenous gravity-driven deposits during a period of high subsidence rate and strike-slip fault activity and under a prevailing humid climate; (2) an evaporative deep lake (early Rupelian) characterized by a drastic reduction in lake volume (forced-regression), terrigenous supplies and deposition of evaporites in disconnected sub-basins; (3) an overall long-term normal regressive stage (middle Rupelian to earliest Chattian) of lake infill characterized by an increase in terrigenous supplies and a vertical upward transition from deep-lake gravity-driven deposits to marginal lake and floodplain sedimentation. The onset of lake volume reduction and forced regression during the early Rupelian is associated with (1) the reworking of marginal lake carbonates into the deep lake areas, (2) the deposition of organic-rich sediments (TOC &gt; 10%) coupled with sulphate-reduction processes in the deepest areas of the lake, (3) an important decrease in terrigenous supplies and (4) a long-term increase in δ 18 O of matrix-supported carbonates. This early Rupelian forced regression of the Vistrenque lacustrine system is interpreted to result from a regional decrease in precipitation in response to global cooling during the Eocene-Oligocene Transition (EOT). The final infill of the Vistrenque lake system (late Rupelian-early Chattian) and the onset of a floodplain occurred in more humid conditions during a stage of decreased activity of the Nîmes Fault, prior to or during an early stage of the Liguro-Provençal rifting.",Geology and Paleoclimatology Research
